Departamento,Municipio,Latitud,Longitud,Geolocalizacion,Operadora,Contrato,Campo,Enero,Febrero,Marzo,Abril,Mayo,Junio,Julio,Agosto,Septiembre,Octubre,Noviembre,Diciembre
ANTIOQUIA,PUERTO NARE,6.126539139,-74.70317722,POINT (-74.70317722 6.126539139),ECOPETROL S.A.,AREA TECA-COCORNA,TECA COCORNA,0.26875,0.28082,0.28249,0.17593,0.14827,0.12886,0.12661,0.14582,0.13371,0.1535,0.16032,0.15198
ANTIOQUIA,PUERTO NARE,6.126539139,-74.70317722,POINT (-74.70317722 6.126539139),MANSAROVAR ENERGY COLOMBIA LTD,NARE SUR,NARE,0.04317,0.04236,0.03968,0.04256,0.03922,0.04308,0.04498,0.03692,0.04207,0.03917,0.00812,0.01365
ANTIOQUIA,PUERTO NARE,6.126539139,-74.70317722,POINT (-74.70317722 6.126539139),MANSAROVAR ENERGY COLOMBIA LTD,UNDERRIVER,NARE,0.1662,0.17403,0.15673,0.17453,0.15072,0.16928,0.15835,0.14151,0.12071,0.16803,0.06886,0.11263
ANTIOQUIA,PUERTO TRIUNFO,5.954830151,-74.6861918,POINT (-74.6861918 5.954830151),ECOPETROL S.A.,AREA TECA-COCORNA,TECA COCORNA,0.03666,0.03514,0.02448,0.06507,0.05484,0.04766,0.04683,0.05393,0.04946,0.05678,0.0593,0.05621
ANTIOQUIA,YONDO,6.925159318,-74.15824041,POINT (-74.15824041 6.925159318),ECOPETROL S.A.,CASABE,MAGDALENA MEDIO-CASABE,0.47903,0.46218,0.39526,0.35935,0.40907,0.47811,0.43666,0.47269,0.45607,0.48623,0.44965,0.48276
ANTIOQUIA,YONDO,6.925159318,-74.15824041,POINT (-74.15824041 6.925159318),ECOPETROL S.A.,CASABE SUR,MAGDALENA MEDIO-CASABE,0.74925,0.69057,0.72372,0.70994,0.66136,0.66038,0.63614,0.61039,0.64691,0.66383,0.68241,0.62496
ANTIOQUIA,YONDO,6.925159318,-74.15824041,POINT (-74.15824041 6.925159318),ECOPETROL S.A.,PEÑAS BLANCAS,MAGDALENA MEDIO-CASABE,0.21823,0.13947,0.17113,0.1498,0.16593,0.16845,0.17184,0.15567,0.13416,0.14384,0.12919,0.06978
ARAUCA,ARAUCA,6.796280825,-70.50921153,POINT (-70.50921153 6.796280825),SIERRACOL ENERGY ARAUCA LLC,CAÑO LIMÓN,CRAVO NORTE,1.46446,1.15652,1.03515,1.05805,1.10896,1.1355,1.11083,1.23408,1.23138,1.24803,1.25812,1.25826
ARAUCA,ARAUCA,6.796280825,-70.50921153,POINT (-70.50921153 6.796280825),SIERRACOL ENERGY ARAUCA LLC,CAÑO YARUMAL,CRAVO NORTE,0.20687,0.18735,0.15385,0.11024,0.12438,0.15254,0.13777,0.15717,0.1562,0.15139,0.15047,0.14456
ARAUCA,ARAUCA,6.796280825,-70.50921153,POINT (-70.50921153 6.796280825),SIERRACOL ENERGY ARAUCA LLC,CHIPIRÓN,CHIPIRÓN,0.41802,0.40112,0.38973,0.35975,0.42887,0.40091,0.41938,0.36565,0.42358,0.41679,0.35801,0.36504
ARAUCA,ARAUCA,6.796280825,-70.50921153,POINT (-70.50921153 6.796280825),SIERRACOL ENERGY ARAUCA LLC,GALEMBO,CHIPIRÓN,0.00803,0.00816,0.00825,0.00791,0.00772,0.00679,0.0069,0.00562,0.00569,0.00566,0.0038,0.00455
ARAUCA,ARAUCA,6.796280825,-70.50921153,POINT (-70.50921153 6.796280825),SIERRACOL ENERGY ARAUCA LLC,MACANA,CHIPIRÓN,0.01305,0.01264,0.01099,0.01126,0.01198,0.01181,0.01188,0.01258,0.01261,0.01272,0.01311,0
ARAUCA,ARAUQUITA,6.799338394,-71.29827429,POINT (-71.29827429 6.799338394),SIERRACOL ENERGY ARAUCA LLC,ARAGUATO,CHIPIRÓN,0.00466,0.00476,0.00483,0.00487,0.00495,0.00456,0.00463,0.00471,0.00513,0.00543,0.00477,0.00492
ARAUCA,ARAUQUITA,6.799338394,-71.29827429,POINT (-71.29827429 6.799338394),SIERRACOL ENERGY ARAUCA LLC,BAYONERO,CHIPIRÓN,0.02725,0.02449,0.02082,0.01856,0.01889,0.01777,0.01821,0.01886,0.01922,0.0173,0.0517,0.0336
ARAUCA,ARAUQUITA,6.799338394,-71.29827429,POINT (-71.29827429 6.799338394),SIERRACOL ENERGY ARAUCA LLC,CANAGUEY,COSECHA,0.09551,0.09831,0.1013,0.10425,0.10667,0.11424,0.10515,0.10767,0.09109,0.08783,0.18536,0.18613
ARAUCA,ARAUQUITA,6.799338394,-71.29827429,POINT (-71.29827429 6.799338394),SIERRACOL ENERGY ARAUCA LLC,CAÑO LIMÓN,CRAVO NORTE,0.09449,0.10085,0.0948,0.07812,0.08383,0.09113,0.09227,0.09761,0.10023,0.10427,0.09288,0.09501
ARAUCA,ARAUQUITA,6.799338394,-71.29827429,POINT (-71.29827429 6.799338394),SIERRACOL ENERGY ARAUCA LLC,CAÑO RONDÓN,RONDÓN,0.6017,0.55487,0.56465,0.58265,0.56515,0.49144,0.58877,0.47681,0.46968,0.59465,0.37854,0.37849
ARAUCA,ARAUQUITA,6.799338394,-71.29827429,POINT (-71.29827429 6.799338394),SIERRACOL ENERGY ARAUCA LLC,CARICARE,RONDÓN,1.32855,1.17051,1.27934,1.2314,1.35967,1.5474,1.53035,1.48904,1.50961,1.48808,1.38014,1.46236
ARAUCA,ARAUQUITA,6.799338394,-71.29827429,POINT (-71.29827429 6.799338394),SIERRACOL ENERGY ARAUCA LLC,CHIPIRÓN,CHIPIRÓN,0.00692,0.00696,0.00707,0.00699,0.00644,0.00595,0.006,0.05926,0.00649,0.00692,0.00615,0.0063
ARAUCA,ARAUQUITA,6.799338394,-71.29827429,POINT (-71.29827429 6.799338394),SIERRACOL ENERGY ARAUCA LLC,FINN,COSECHA,0.58121,0.52303,0.5448,0.49133,0.46013,0.42201,0.28905,0.11726,0.34747,0.40291,0.40819,0.40769
ARAUCA,ARAUQUITA,6.799338394,-71.29827429,POINT (-71.29827429 6.799338394),SIERRACOL ENERGY ARAUCA LLC,JIBA,CHIPIRÓN,0.00355,0.00015,0.00045,0.00121,0.00141,0.00349,0.00356,0.0037,0.00385,0.00285,0.00238,0.00247
ARAUCA,ARAUQUITA,6.799338394,-71.29827429,POINT (-71.29827429 6.799338394),SIERRACOL ENERGY ARAUCA LLC,JIBA UNIFICADO,CHIPIRÓN,0.02267,0.02886,0.02855,0.02432,0.02685,0.02943,0.02858,0.02894,0.02915,0.03041,0.02703,0.02801
ARAUCA,ARAUQUITA,6.799338394,-71.29827429,POINT (-71.29827429 6.799338394),SIERRACOL ENERGY ARAUCA LLC,MACANA,CHIPIRÓN,0,0,0,0,0,0,0,0,0,0,0,0.0082
ARAUCA,ARAUQUITA,6.799338394,-71.29827429,POINT (-71.29827429 6.799338394),SIERRACOL ENERGY ARAUCA LLC,REDONDO,CRAVO NORTE,0.06624,0.08037,0.08051,0.07582,0.10621,0.09817,0.09072,0.08567,0.09372,0.09633,0.07998,0.08613
ARAUCA,ARAUQUITA,6.799338394,-71.29827429,POINT (-71.29827429 6.799338394),SIERRACOL ENERGY ARAUCA LLC,REDONDO ESTE,CRAVO NORTE,0.00462,0.00466,0.00473,0.00993,0.00423,0.00415,0.00413,0.00425,0.00446,0.00467,0.00408,0.00414
ARAUCA,ARAUQUITA,6.799338394,-71.29827429,POINT (-71.29827429 6.799338394),SIERRACOL ENERGY ARAUCA LLC,REX,COSECHA,0,0,0,0.00099,0.00114,0.00093,0,0,0,0,0,0
ARAUCA,ARAUQUITA,6.799338394,-71.29827429,POINT (-71.29827429 6.799338394),SIERRACOL ENERGY ARAUCA LLC,REX NE,COSECHA,0.05374,0.05348,0.06083,0.06794,0.10606,0.13013,0.12708,0.12251,0.12604,0.123,0.12379,0.11767
ARAUCA,ARAUQUITA,6.799338394,-71.29827429,POINT (-71.29827429 6.799338394),SIERRACOL ENERGY ARAUCA LLC,TERECAY,COSECHA,0.13109,0.15161,0.1608,0.16002,0.17261,0.18798,0.19753,0.25733,0.21054,0.19538,0.17671,0.1958
ARAUCA,TAME,6.390650479,-71.79178647,POINT (-71.79178647 6.390650479),PAREX RESOURCES COLOMBIA LTD. SUCURSAL,ANDINA,CAPACHOS,1.23444,3.16318,4.25821,4.47667,1.9368,1.57855,1.60764,1.66243,1.81926,2.28799,2.59232,3.07959
ARAUCA,TAME,6.390650479,-71.79178647,POINT (-71.79178647 6.390650479),PAREX RESOURCES COLOMBIA LTD. SUCURSAL,CAPACHOS,CAPACHOS,1.07404,1.95371,2.13427,2.00099,2.04269,2.50888,2.47133,2.40725,2.18827,2.05554,1.8951,1.32961
ATLANTICO,PONEDERA,10.59465102,-74.79847316,POINT (-74.79847316 10.59465102),LEWIS ENERGY COLOMBIA INC,MERECUMBE,SSJN-1,0.01527,0,1.13245,0,0,0,0,0,0,0,0,1.30425
ATLANTICO,SABANALARGA,10.62250777,-74.95510542,POINT (-74.95510542 10.62250777),LEWIS ENERGY COLOMBIA INC,BULLERENGUE,SSJN-1,23.7627,24.05596,23.73244,23.12844,22.31024,22.41275,22.85214,23.22979,23.49931,24.39172,24.42144,25.37602
BOLIVAR,CANTAGALLO,7.239229146,-74.10014043,POINT (-74.10014043 7.239229146),ECOPETROL S.A.,YARIGUÍ-CANTAGALLO,MAGDALENA MEDIO-YARIGUI-CANTAGALLO,4.28049,4.15173,4.14334,4.86025,5.95346,5.65438,4.25436,4.04169,4.89894,4.68278,4.24712,3.93171
META,VILLAVICENCIO,4.09166877,-73.49291595,POINT (-73.49291595 4.09166877),ECOPETROL S.A.,LA REFORMA,APIAY,0,0,0,0.0202,0.09061,0.08903,0,0.00363,0,0,0,0
BOLIVAR,CICUCO,9.235268598,-74.68840962,POINT (-74.68840962 9.235268598),HOCOL S.A.,CICUCO,CICUCO BOQUETE,1.48019,1.68116,1.69794,1.14326,1.32128,1.12893,0.9178,0.93631,0.84681,0.79991,0.88994,1.11872
BOLIVAR,TALAIGUA NUEVO,9.269516705,-74.58695233,POINT (-74.58695233 9.269516705),HOCOL S.A.,BOQUETE,CICUCO BOQUETE,0.25426,0.3012,0.20279,0.09634,0.18089,0.24494,0.20868,0.17353,0.12362,0.09697,0.19813,0.18743
BOLIVAR,TALAIGUA NUEVO,9.269516705,-74.58695233,POINT (-74.58695233 9.269516705),HOCOL S.A.,CICUCO,CICUCO BOQUETE,0.61599,0.60175,0.55235,0.42298,0.33201,0.34247,0.51225,0.3921,0.19239,0.21874,0.40694,0.42462
BOYACA,CORRALES,5.82454582,-72.84544845,POINT (-72.84544845 5.82454582),UNION TEMPORAL OMEGA ENERGY,CORRALES,BUENAVISTA,4.46671,4.38321,4.25539,4.155,4.14774,4.09817,3.99777,3.91332,3.85647,3.79216,4.12057,4.10716
BOYACA,PUERTO BOYACA,5.953466654,-74.4528581,POINT (-74.4528581 5.953466654),MANSAROVAR ENERGY COLOMBIA LTD,ABARCO,NARE,0.10983,0.11122,0.11045,0.11608,0.1082,0.09958,0.10366,0.11097,0.10669,0.10426,0.10564,0.10719
BOYACA,PUERTO BOYACA,5.953466654,-74.4528581,POINT (-74.4528581 5.953466654),ECOPETROL S.A.,CAIPAL,PALAGUA,0.42323,0.39941,0.35248,0.38767,0.39229,0.3354,0.34081,0.32987,0.36327,0.38339,0.3746,0.36929
BOYACA,PUERTO BOYACA,5.953466654,-74.4528581,POINT (-74.4528581 5.953466654),MANSAROVAR ENERGY COLOMBIA LTD,GIRASOL,NARE,0.8525,0.80885,0.73818,0.744,0.67596,0.69198,0.7708,0.73293,0.73891,0.75395,0.82581,0.86818
BOYACA,PUERTO BOYACA,5.953466654,-74.4528581,POINT (-74.4528581 5.953466654),MANSAROVAR ENERGY COLOMBIA LTD,JAZMIN,NARE,1.72226,1.67653,1.5899,1.70667,1.50875,1.60296,1.60402,1.50224,1.3436,1.56297,1.59105,1.52222
BOYACA,PUERTO BOYACA,5.953466654,-74.4528581,POINT (-74.4528581 5.953466654),MANSAROVAR ENERGY COLOMBIA LTD,MORICHE,NARE,0.79221,0.84255,0.76452,0.75215,0.70776,0.68211,0.64261,0.58745,0.663,0.68149,0.68985,0.72066
BOYACA,PUERTO BOYACA,5.953466654,-74.4528581,POINT (-74.4528581 5.953466654),ECOPETROL S.A.,PALAGUA,PALAGUA,3.05787,3.06973,2.97055,2.77891,2.80829,2.75672,2.68542,2.5982,2.53803,2.5645,2.50523,2.51647
BOYACA,PUERTO BOYACA,5.953466654,-74.4528581,POINT (-74.4528581 5.953466654),MANSAROVAR ENERGY COLOMBIA LTD,UNDERRIVER,NARE,0.2493,0.26104,0.23509,0.26179,0.22608,0.25391,0.23753,0.21227,0.18107,0.25204,0.10329,0.16894
BOYACA,PUERTO BOYACA,5.953466654,-74.4528581,POINT (-74.4528581 5.953466654),MANSAROVAR ENERGY COLOMBIA LTD,VELASQUEZ,GUAGUAQUI - TERAN,0.381,0.40412,0.43328,0.44566,0.46826,0.50045,0.46272,0.45821,0.42848,0.40045,0.37538,0.34032
BOYACA,SAN LUIS DE GACENO,5.953466654,-74.4528581,POINT (-74.4528581 5.953466654),NIKOIL ENERGY CORP,MEDINA,CÓNDOR,0.01283,0.01121,0.00787,0.00987,0.00403,0,0.00009,0.00963,0.00968,0.00785,0.00777,0.00808
BOYACA,TOPAGA,5.765350303,-72.83672958,POINT (-72.83672958 5.765350303),UNION TEMPORAL OMEGA ENERGY,BOLÍVAR,BUENAVISTA,0.00122,0.00116,0.00128,0.00127,0.00125,0.00126,0.00128,0.1788,0.0018,0.13886,0.00197,0.00179
CASANARE,AGUAZUL,5.126121886,-72.54821017,POINT (-72.54821017 5.126121886),ECOPETROL S.A.,CUPIAGUA,ECOP-SDLA-OP-DIRECTA,310.5193,305.25582,328.95204,319.89611,317.90617,297.6818,291.27375,292.17917,293.47935,301.15234,306.30253,301.17458
CASANARE,AGUAZUL,5.126121886,-72.54821017,POINT (-72.54821017 5.126121886),ECOPETROL S.A.,CUPIAGUA LIRIA,RECETOR,97.48408,96.85101,94.24834,91.97154,90.80853,87.12588,100.46114,93.24251,89.74985,91.27731,88.92889,87.32287
CASANARE,AGUAZUL,5.126121886,-72.54821017,POINT (-72.54821017 5.126121886),ECOPETROL S.A.,CUPIAGUA SUR,ECOP-SDLA-OP-DIRECTA,168.0438,172.04766,162.44223,162.08528,160.6032,161.6107,151.85787,161.44474,168.60871,173.63031,175.93901,173.61225
CASANARE,AGUAZUL,5.126121886,-72.54821017,POINT (-72.54821017 5.126121886),ECOPETROL S.A.,CUSIANA NORTE,CUSIANA NORTE,101.37057,96.56026,84.77295,80.3197,84.1239,78.87841,74.82487,72.86969,73.54283,71.36551,69.86163,71.71975
CASANARE,AGUAZUL,5.126121886,-72.54821017,POINT (-72.54821017 5.126121886),PERENCO COLOMBIA LIMITED,LA GLORIA,CASANARE,0.25933,0.19444,0.24361,0.18535,0.12527,0.2406,0.25163,0.25462,0.23602,0.2205,0.2134,0.21463
CASANARE,AGUAZUL,5.126121886,-72.54821017,POINT (-72.54821017 5.126121886),CEPSA COLOMBIA S.A.,RAMIRIQUI,LLA 22,2.18928,2.36931,2.2673,2.08299,1.76571,1.72132,1.58211,1.42321,1.56169,1.7049,1.6912,1.64942
CASANARE,AGUAZUL,5.126121886,-72.54821017,POINT (-72.54821017 5.126121886),PAREX RESOURCES COLOMBIA LTD. SUCURSAL,RUMBA,LLA 26,0.41817,0.45814,0.44242,0.35547,0,0,0.17879,0.29846,0.3359,0.33762,0.33578,0.33201
CASANARE,MANI,4.675769488,-72.21280273,POINT (-72.21280273 4.675769488),EMERALD ENERGY PLC SUCURSAL COLOMBIA,CAMPO RICO,CAMPO RICO,0.00621,0.00618,0.00616,0.00618,0.00627,0.00611,0.00495,0.00473,0.00469,0.00468,0.00475,0.00479
CASANARE,MANI,4.675769488,-72.21280273,POINT (-72.21280273 4.675769488),EMERALD ENERGY PLC SUCURSAL COLOMBIA,CENTAURO SUR,CAMPO RICO,0.00164,0.0016,0.00143,0.00141,0.00105,0.00136,0.00078,0.00038,0.00039,0.00039,0.00039,0.00042
CASANARE,MANI,4.675769488,-72.21280273,POINT (-72.21280273 4.675769488),OMNIA.ENERGY INC. SUCURSAL COLOMBIA,FLAMI,LLA 27,0.00204,0.00181,0.00156,0,0,0,0.00015,0.00004,0,0,0,0
CASANARE,MANI,4.675769488,-72.21280273,POINT (-72.21280273 4.675769488),PERENCO COLOMBIA LIMITED,LA GLORIA,CASANARE,0.2848,0.32361,0.26551,0.24404,0.30964,0.2639,0.26079,0.27337,0.26498,0.25477,0.24552,0.24598
CASANARE,MANI,4.675769488,-72.21280273,POINT (-72.21280273 4.675769488),HOCOL S.A.,LA PUNTA,LA PUNTA,0.0013,0.0014,0.00153,0.00152,0,0,0,0.00016,0.00304,0.00297,0.00171,0.00173
CASANARE,MANI,4.675769488,-72.21280273,POINT (-72.21280273 4.675769488),HOCOL S.A.,SANTIAGO,UPIA,0.02625,0.02555,0.0263,0.02531,0,0,0,0,0,0,0,0
CASANARE,MONTERREY,4.841308642,-72.8473434,POINT (-72.8473434 4.841308642),Frontera Energy Colombia Corp Sucursal Colombia,Canaguay,CANAGUARO,0.12692,0.17862,0.17731,0.14462,0,0,0.05556,0.18239,0.1956,0.18572,0.2104,0.20515
CASANARE,NUNCHIA,5.529181235,-72.09251937,POINT (-72.09251937 5.529181235),EQUION ENERGÍA LIMITED,HURÓN,NISCOTA,0,0.04721,0,0,0,0,0,0,0,0,0,0
CASANARE,NUNCHIA,5.529181235,-72.09251937,POINT (-72.09251937 5.529181235),PERENCO COLOMBIA LIMITED,TIERRA BLANCA,CASANARE,0.02511,0.02692,0.03334,0.02713,0.03072,0.01442,0.02674,0.02996,0.02958,0.02981,0.02982,0.02997
CASANARE,OROCUE,4.915139133,-71.59873966,POINT (-71.59873966 4.915139133),COLOMBIA ENERGY DEVELOPMENT CO,CANACABARE,ALCARAVÁN,0.00065,0.00065,0.00065,0.00065,0.00041,0.00065,0.00065,0.00065,0.00065,0.00065,0.00065,0.00065
CASANARE,OROCUE,4.915139133,-71.59873966,POINT (-71.59873966 4.915139133),INVEPETROL LIMITED COLOMBIA,CURITO,CASANARE ESTE,0.00513,0.00462,0.00468,0.0046,0.00313,0.00366,0.00229,0.00241,0.00253,0.00239,0.00232,0.002
CASANARE,OROCUE,4.915139133,-71.59873966,POINT (-71.59873966 4.915139133),CARRAO ENERGY S.A. SUCURSAL COLOMBIA,DANES,LLA 23,0.0042,0.00385,0,0,0,0,0,0,0,0,0,0
CASANARE,OROCUE,4.915139133,-71.59873966,POINT (-71.59873966 4.915139133),VETRA EXPLORACION Y PRODUCCION COLOMBIA S.A.S.,JUAPE,LA PUNTA,0.064,0.04986,0.04928,0.0446,0,0,0,0,0,0,0,0
CASANARE,OROCUE,4.915139133,-71.59873966,POINT (-71.59873966 4.915139133),CARRAO ENERGY S.A. SUCURSAL COLOMBIA,LABRADOR,LLA 23,0.04527,0.04666,0.04559,0.01714,0.03667,0.03417,0.00295,0.00009,0.00006,0.00009,0,0
CASANARE,OROCUE,4.915139133,-71.59873966,POINT (-71.59873966 4.915139133),COLOMBIA ENERGY DEVELOPMENT CO,LABRADOR,LLA 23,0,0,0,0,0,0,0,0,0,0,0,0.00013
CASANARE,OROCUE,4.915139133,-71.59873966,POINT (-71.59873966 4.915139133),CANACOL ENERGY COLOMBIA SAS,RANCHO HERMOSO,RANCHO HERMOSO,0.10405,0.09954,0.09562,0.08045,0.04822,0.05025,0.05221,0.06282,0.07731,0.06109,0.06369,0.06912
CASANARE,OROCUE,4.915139133,-71.59873966,POINT (-71.59873966 4.915139133),HOCOL S.A.,SANTO DOMINGO,LA PUNTA,0,0,0,0,0,0,0,0.00016,0.02396,0.04135,0.04198,0.04233
CASANARE,OROCUE,4.915139133,-71.59873966,POINT (-71.59873966 4.915139133),VETRA EXPLORACION Y PRODUCCION COLOMBIA S.A.S.,SANTO DOMINGO,LA PUNTA,0.09575,0.09183,0.09051,0.08192,0,0,0,0,0,0,0,0
CASANARE,OROCUE,4.915139133,-71.59873966,POINT (-71.59873966 4.915139133),HOCOL S.A.,SANTO DOMINGO NORTE,LA PUNTA,0,0,0,0,0,0,0,0,0,0,0.07115,0.10798
CASANARE,OROCUE,4.915139133,-71.59873966,POINT (-71.59873966 4.915139133),EMERALD ENERGY PLC SUCURSAL COLOMBIA,VIGIA SUR,CAMPO RICO,0.01293,0.01305,0.01298,0.01238,0.00794,0.01128,0.01381,0.01377,0.01357,0.01356,0.01335,0.01338
CASANARE,OROCUE,4.915139133,-71.59873966,POINT (-71.59873966 4.915139133),PERENCO COLOMBIA LIMITED,VIREO,OROPENDOLA,0.0501,0.02917,0.03737,0.02992,0.02823,0.02894,0.029,0.02891,0.04338,0.02874,0.0279,0.02351
CASANARE,PAZ DE ARIPORO,5.779915281,-70.86947037,POINT (-70.86947037 5.779915281),Frontera Energy Colombia Corp Sucursal Colombia,AZOR,ARRENDAJO,0.0136,0.01338,0.01334,0.01321,0.01318,0.01268,0.0112,0.01087,0.01003,0.00941,0.0089,0.00843
CASANARE,PAZ DE ARIPORO,5.779915281,-70.86947037,POINT (-70.86947037 5.779915281),PAREX RESOURCES COLOMBIA LTD. SUCURSAL,BEGONIA,LLA 40,0.03282,0.03192,0.02599,0,0,0,0,0,0.01121,0.03535,0.03464,0.03511
CASANARE,PAZ DE ARIPORO,5.779915281,-70.86947037,POINT (-70.86947037 5.779915281),PERENCO OIL AND GAS COLOMBIA LIMITED.,CUERVA OESTE,LA CUERVA,0.03344,0.03582,0.03343,0.03131,0.03214,0.03353,0.0355,0.03301,0.02886,0.02846,0.03023,0.026
CASANARE,PAZ DE ARIPORO,5.779915281,-70.86947037,POINT (-70.86947037 5.779915281),PERENCO OIL AND GAS COLOMBIA LIMITED.,CUERVA SUR,LA CUERVA,0.00259,0.00228,0.00378,0.00434,0.00327,0.00387,0.00324,0.0034,0.0036,0.00322,0.00333,0.00356
CASANARE,PAZ DE ARIPORO,5.779915281,-70.86947037,POINT (-70.86947037 5.779915281),NEW GRANADA ENERGY CORPORATION SUCURSAL COLOMBIA,DOROTEA B,DOROTEA,0.27891,0.26018,0.28946,0.29621,0.28823,0.36267,0.32176,0.25705,0.20954,0.19701,0.16209,0.13895
CASANARE,PAZ DE ARIPORO,5.779915281,-70.86947037,POINT (-70.86947037 5.779915281),NEW GRANADA ENERGY CORPORATION SUCURSAL COLOMBIA,LEONA B,LEONA,0.0129,0.013,0.0135,0.01309,0.01492,0.0162,0.01621,0.01654,0.01616,0.01636,0.01478,0.01549
CASANARE,PAZ DE ARIPORO,5.779915281,-70.86947037,POINT (-70.86947037 5.779915281),NEW GRANADA ENERGY CORPORATION SUCURSAL COLOMBIA,LEONA B SUR,LEONA,0.00723,0.00713,0.00704,0.00567,0.00451,0.00307,0.00312,0.00413,0.00386,0.00375,0.00531,0.00402
CASANARE,PAZ DE ARIPORO,5.779915281,-70.86947037,POINT (-70.86947037 5.779915281),NEW GRANADA ENERGY CORPORATION SUCURSAL COLOMBIA,LEONA C,LEONA,0.0097,0.00969,0.01024,0.00922,0.00933,0.00957,0.00875,0.00914,0.00884,0.00869,0.00828,0.00758
CASANARE,PAZ DE ARIPORO,5.779915281,-70.86947037,POINT (-70.86947037 5.779915281),Frontera Energy Colombia Corp Sucursal Colombia,YAGUAZO,ARRENDAJO,0.03496,0.03465,0.03392,0.03298,0.03234,0.03203,0.03138,0.03072,0.0302,0.02962,0.02927,0.0287
CASANARE,PAZ DE ARIPORO,5.779915281,-70.86947037,POINT (-70.86947037 5.779915281),PERENCO OIL AND GAS COLOMBIA LIMITED.,YAMÚ,YAMU,0.0019,0.00189,0.00161,0.00024,0.0016,0.00176,0.00161,0.00093,0.00131,0.00187,0.00123,0.00195
CASANARE,PORE,5.663194953,-71.92580806,POINT (-71.92580806 5.663194953),PERENCO OIL AND GAS COLOMBIA LIMITED.,CARUPANA,YAMU,0.00821,0.0063,0.00431,0.00398,0.00306,0.00568,0.00444,0.00851,0.00877,0.00887,0.00897,0.00851
CASANARE,PORE,5.663194953,-71.92580806,POINT (-71.92580806 5.663194953),PAREX RESOURCES COLOMBIA LTD. SUCURSAL,KONA,LLA 16,0.08672,0.07685,0.05968,0,0,0,0,0,0,0,0,0
CASANARE,PORE,5.663194953,-71.92580806,POINT (-71.92580806 5.663194953),PERENCO OIL AND GAS COLOMBIA LIMITED.,POTRILLO,YAMU,0.00191,0.00191,0.00107,0,0,0.00046,0.00247,0.0028,0.00232,0.00273,0.00157,0.00258
CASANARE,SAN LUIS DE PALENQUE,5.274955665,-71.81749276,POINT (-71.81749276 5.274955665),PAREX RESOURCES COLOMBIA LTD. SUCURSAL,ADALIA,LLA 30,0.0048,0.00468,0.00459,0.00062,0,0.00051,0.01323,0.0127,0.0131,0.01366,0.01362,0.0137
CASANARE,SAN LUIS DE PALENQUE,5.274955665,-71.81749276,POINT (-71.81749276 5.274955665),PERENCO COLOMBIA LIMITED,CRAVO ESTE,CASANARE,0.34806,0.34066,0.34506,0.34893,0.34106,0.3272,0.30216,0.28584,0.29383,0.29971,0.29017,0.2937
CASANARE,SAN LUIS DE PALENQUE,5.274955665,-71.81749276,POINT (-71.81749276 5.274955665),INVEPETROL LIMITED COLOMBIA,CURITO,CASANARE ESTE,0.00454,0.0041,0.00415,0.00408,0.00277,0.00325,0.00203,0.00214,0.00224,0.00212,0.00205,0.00178
CASANARE,SAN LUIS DE PALENQUE,5.274955665,-71.81749276,POINT (-71.81749276 5.274955665),PAREX RESOURCES COLOMBIA LTD. SUCURSAL,LAS MARACAS,LOS OCARROS,0.20878,0.23459,0.27688,0.02648,0,0,0,0,0.03851,0.24106,0.2711,0.27211
CASANARE,SAN LUIS DE PALENQUE,5.274955665,-71.81749276,POINT (-71.81749276 5.274955665),CARRAO ENERGY S.A. SUCURSAL COLOMBIA,PANTRO,LLA 23,0.00049,0.00036,0.00034,0.00043,0.00032,0.00039,0.00025,0.00027,0.00029,0.00017,0.00009,0
CASANARE,SAN LUIS DE PALENQUE,5.274955665,-71.81749276,POINT (-71.81749276 5.274955665),COLOMBIA ENERGY DEVELOPMENT CO,PANTRO,LLA 23,0,0,0,0,0,0,0,0,0,0,0,0.00026
CASANARE,SAN LUIS DE PALENQUE,5.274955665,-71.81749276,POINT (-71.81749276 5.274955665),PERENCO COLOMBIA LIMITED,REMACHE NORTE,COROCORA,0.02828,0.02788,0.02736,0.02622,0.00692,0.02488,0.02497,0.0246,0.0189,0.0195,0.01996,0.0212
CASANARE,SAN LUIS DE PALENQUE,5.274955665,-71.81749276,POINT (-71.81749276 5.274955665),PERENCO COLOMBIA LIMITED,REMACHE SUR,COROCORA,0.06699,0.06515,0.06636,0.06662,0.05925,0.05668,0.07133,0.07131,0.07389,0.07431,0.06866,0.07234
CASANARE,TAURAMENA,4.697463691,-72.62922436,POINT (-72.62922436 4.697463691),VERANO ENERGY (BARBADOS) LIMITED,CALONA,LLA 32,0,0,0.88331,0.55339,0,0.18759,0.5158,0.34103,0.04513,0,0.62661,0.35612
CASANARE,TAURAMENA,4.697463691,-72.62922436,POINT (-72.62922436 4.697463691),Frontera Energy Colombia Corp Sucursal Colombia,Canaguay,CANAGUARO,0.03111,0.0256,0.02077,0,0,0,0,0,0,0,0,0.03204
CASANARE,TAURAMENA,4.697463691,-72.62922436,POINT (-72.62922436 4.697463691),VERANO ENERGY (BARBADOS) LIMITED,CARMENTEA,LLA 32,0.03551,0.03586,1.14317,8.3948,5.78435,0,5.38532,8.99408,9.54168,10.25697,7.3854,5.83792
CASANARE,TAURAMENA,4.697463691,-72.62922436,POINT (-72.62922436 4.697463691),ECOPETROL S.A.,CUSIANA,RÍO CHITAMENA,32.43474,42.63935,39.81761,40.87904,40.25493,39.77829,38.43122,32.39197,38.78972,38.50232,36.89655,35.43808
CASANARE,TAURAMENA,4.697463691,-72.62922436,POINT (-72.62922436 4.697463691),ECOPETROL S.A.,CUSIANA,TAURAMENA,107.06754,103.98161,102.94872,106.74564,99.43841,99.29613,90.83187,94.58857,95.19317,95.72893,93.52951,92.14775
CASANARE,TAURAMENA,4.697463691,-72.62922436,POINT (-72.62922436 4.697463691),VERANO ENERGY (BARBADOS) LIMITED,KANANASKIS,LLA 32,8.96615,9.61876,7.49336,0,0,6.97453,2.53292,0,0,0,2.18129,4.37115
CASANARE,TAURAMENA,4.697463691,-72.62922436,POINT (-72.62922436 4.697463691),GEOPARK COLOMBIA S.A.S.,TARO TARO,LLA 34,0.04698,0.04528,0.03014,0,0,0,0.01636,0.03509,0.03561,0.02349,0,0
CASANARE,TAURAMENA,4.697463691,-72.62922436,POINT (-72.62922436 4.697463691),GEOPARK COLOMBIA S.A.S.,TILO,LLA 34,0.0428,0.04311,0.02679,0,0,0,0.00266,0.04192,0.04208,0.04243,0.04242,0.04244
CASANARE,TAURAMENA,4.697463691,-72.62922436,POINT (-72.62922436 4.697463691),GEOPARK COLOMBIA S.A.S.,TUA,LLA 34,0.25926,0.24852,0.24816,0.24769,0.01711,0.11061,0.17821,0.18746,0.19713,0.19451,0.21163,0.2112
CASANARE,TRINIDAD,5.354527091,-71.25479519,POINT (-71.25479519 5.354527091),LEWIS ENERGY COLOMBIA INC,AZAFRÁN,GUACHIRIA SUR,0.00098,0.00102,0.00072,0,0,0,0,0,0,0,0,0
CASANARE,TRINIDAD,5.354527091,-71.25479519,POINT (-71.25479519 5.354527091),PERENCO COLOMBIA LIMITED,COREN,COROCORA,0.07386,0.07301,0.09051,0.08496,0.10856,0.09263,0.09888,0.10368,0.10663,0.10611,0.10105,0.10311
CASANARE,TRINIDAD,5.354527091,-71.25479519,POINT (-71.25479519 5.354527091),PERENCO COLOMBIA LIMITED,COROCORA,COROCORA,0.09277,0.09225,0.08315,0.09443,0.0976,0.09493,0.08917,0.09437,0.10721,0.1003,0.09329,0.09612
CASANARE,TRINIDAD,5.354527091,-71.25479519,POINT (-71.25479519 5.354527091),PERENCO COLOMBIA LIMITED,CORSUR,COROCORA,0.00029,0.00011,0.0086,0,0.00026,0.00003,0,0,0,0,0,0
CASANARE,TRINIDAD,5.354527091,-71.25479519,POINT (-71.25479519 5.354527091),LEWIS ENERGY COLOMBIA INC,LOS ACEITES,GUACHIRÍA,0.04094,0.04001,0.02916,0,0,0,0,0,0,0,0,0
CASANARE,TRINIDAD,5.354527091,-71.25479519,POINT (-71.25479519 5.354527091),LEWIS ENERGY COLOMBIA INC,PRIMAVERA,GUACHIRÍA,0.01483,0.01587,0.01094,0,0,0,0,0,0,0,0,0
CASANARE,TRINIDAD,5.354527091,-71.25479519,POINT (-71.25479519 5.354527091),LEWIS ENERGY COLOMBIA INC,TULIPÁN,GUACHIRIA SUR,0.00363,0.00351,0.00379,0,0,0,0,0,0,0,0,0
CASANARE,VILLA NUEVA,4.528307719,-72.82314281,POINT (-72.82314281 4.528307719),Frontera Energy Colombia Corp Sucursal Colombia,CARUTO,CORCEL,0,0.06058,0.05583,0.05573,0.05419,0.0528,0.05248,0.05231,0.05116,0.04747,0.04799,0.04651
CASANARE,VILLA NUEVA,4.528307719,-72.82314281,POINT (-72.82314281 4.528307719),Frontera Energy Colombia Corp Sucursal Colombia,CARUTO,CORCEL,0.07016,0,0,0,0,0,0,0,0,0,0,0
CASANARE,VILLA NUEVA,4.528307719,-72.82314281,POINT (-72.82314281 4.528307719),GEOPARK COLOMBIA S.A.S.,JACANA,LLA 34,0.11632,0.13524,0.04277,0,0,0,0,0,0,0,0,0
CASANARE,YOPAL,5.242744761,-72.25802857,POINT (-72.25802857 5.242744761),COLOMBIA ENERGY DEVELOPMENT CO,BORAL,RIO VERDE,0.02785,0.01207,0,0,0,0,0,0,0,0,0,0
CASANARE,YOPAL,5.242744761,-72.25802857,POINT (-72.25802857 5.242744761),ECOPETROL S.A.,FLOREÑA,PIEDEMONTE,0,0,109.17821,114.68053,111.82775,115.28288,97.73051,112.23276,113.48381,111.83391,115.62072,115.99749
CASANARE,YOPAL,5.242744761,-72.25802857,POINT (-72.25802857 5.242744761),EQUION ENERGÍA LIMITED,FLOREÑA,PIEDEMONTE,105.74376,114.89907,0,0,0,0,0,0,0,0,0,0
CASANARE,YOPAL,5.242744761,-72.25802857,POINT (-72.25802857 5.242744761),ECOPETROL S.A.,FLOREÑA MIRADOR,PIEDEMONTE,0,0,56.52483,57.49137,51.66401,52.65956,52.60566,59.57218,62.81723,62.81367,63.18637,64.5198
CASANARE,YOPAL,5.242744761,-72.25802857,POINT (-72.25802857 5.242744761),EQUION ENERGÍA LIMITED,FLOREÑA MIRADOR,PIEDEMONTE,52.06377,58.09112,0,0,0,0,0,0,0,0,0,0
CASANARE,YOPAL,5.242744761,-72.25802857,POINT (-72.25802857 5.242744761),PERENCO COLOMBIA LIMITED,LA GLORIA NORTE,CASANARE,0.42652,0.41838,0.21952,0.1164,0.10117,0.26085,0.3642,0.41964,0.32773,0.37155,0.37652,0.47406
CASANARE,YOPAL,5.242744761,-72.25802857,POINT (-72.25802857 5.242744761),EMERALD ENERGY PLC SUCURSAL COLOMBIA,LOS POTROS,CAMPO RICO,0.00201,0.00007,0,0,0,0,0,0,0,0,0,0
CASANARE,YOPAL,5.242744761,-72.25802857,POINT (-72.25802857 5.242744761),COLOMBIA ENERGY DEVELOPMENT CO,MARSUPIAL,RIO VERDE,0.00135,0,0,0,0,0,0,0,0,0,0,0
CASANARE,YOPAL,5.242744761,-72.25802857,POINT (-72.25802857 5.242744761),PERENCO COLOMBIA LIMITED,MORICHAL,CASANARE,0.99826,0.93921,0.9249,0.63687,0.5341,0.6207,0.56116,0.45777,0.44263,0.42165,0.42873,0.43558
CASANARE,YOPAL,5.242744761,-72.25802857,POINT (-72.25802857 5.242744761),ECOPETROL S.A.,PAUTO SUR,PIEDEMONTE,0,0,406.11005,415.76596,420.29749,400.2157,351.0308,419.84908,410.42849,408.4283,410.36079,403.93145
CASANARE,YOPAL,5.242744761,-72.25802857,POINT (-72.25802857 5.242744761),EQUION ENERGÍA LIMITED,PAUTO SUR,PIEDEMONTE,419.47762,418.39963,0,0,0,0,0,0,0,0,0,0
CASANARE,YOPAL,5.242744761,-72.25802857,POINT (-72.25802857 5.242744761),ECOPETROL S.A.,PAUTO SUR RECETOR,RECETOR,12.06123,11.23858,11.3194,11.09452,11.13227,8.25391,4.70883,11.3578,11.02965,11.07995,11.20452,11.14607
CASANARE,YOPAL,5.242744761,-72.25802857,POINT (-72.25802857 5.242744761),CANACOL ENERGY COLOMBIA SAS,RANCHO HERMOSO,RANCHO HERMOSO,0.00251,0.00276,0.00252,0.00311,0.00209,0.00174,0.00145,0.0021,0.00452,0.00231,0.00195,0.00165
CASANARE,YOPAL,5.242744761,-72.25802857,POINT (-72.25802857 5.242744761),COLOMBIA ENERGY DEVELOPMENT CO,TILODIRÁN,RIO VERDE,0.46367,0.51315,0.45888,0.43635,0.21249,0.4824,0.57148,0.57735,0.58124,0.53832,0.54115,0.53017
CASANARE,YOPAL,5.242744761,-72.25802857,POINT (-72.25802857 5.242744761),PERENCO COLOMBIA LIMITED,TOCARIA,CASANARE,0.14621,0.13777,0.06156,0.04984,0.07063,0.10645,0.09826,0.10391,0.10432,0.10897,0.13521,0.3149
CASANARE,YOPAL,5.242744761,-72.25802857,POINT (-72.25802857 5.242744761),EMERALD ENERGY PLC SUCURSAL COLOMBIA,VIGIA,CAMPO RICO,0.03842,0.03821,0.03806,0.03281,0.01018,0.03587,0.03937,0.03885,0.0377,0.0386,0.0382,0.03815
CASANARE,YOPAL,5.242744761,-72.25802857,POINT (-72.25802857 5.242744761),ECOPETROL S.A.,VOLCANERA,RECETOR,0.60441,0.44643,0.43723,0,0,0,0,0.01377,0,0,0.10569,0
CAUCA,PIAMONTE,1.054128816,-76.4443271,POINT (-76.4443271 1.054128816),GRAN TIERRA ENERGY COLOMBIA LTD,MIRAFLOR,SANTANA,0.00323,0.00101,0.00051,0,0,0,0,0,0,0,0,0
CESAR,AGUACHICA,8.248735219,-73.6227405,POINT (-73.6227405 8.248735219),LEWIS ENERGY COLOMBIA INC,CARAMELO,VMM 1,1.32618,1.41882,1.50406,1.74785,2.00968,2.14285,2.17441,2.10485,2.14849,2.12655,2.01246,1.95556
CESAR,AGUACHICA,8.248735219,-73.6227405,POINT (-73.6227405 8.248735219),CARRAO ENERGY S.A. SUCURSAL COLOMBIA,MONO ARAÑA,VMM 2,0.26149,0.26216,0.23891,0,0,0,0,0.01719,0.07175,0.11652,0.11452,0.10808
CESAR,AGUACHICA,8.248735219,-73.6227405,POINT (-73.6227405 8.248735219),CARRAO ENERGY S.A. SUCURSAL COLOMBIA,OSO PARDO,SANTA ISABEL,0.22543,0.21136,0.08998,0,0,0,0,0,0,0,0,0
CESAR,AGUACHICA,8.248735219,-73.6227405,POINT (-73.6227405 8.248735219),LEWIS ENERGY COLOMBIA INC,TOPOSI,VMM 1,3.41324,3.42563,3.37234,3.24848,3.08767,2.92207,2.75583,2.67756,2.73953,3.01941,3.06509,2.96876
CESAR,ASTREA,9.510727925,-73.94214641,POINT (-73.94214641 9.510727925),HOCOL S.A.,ARJONA,CHIMICHAGUA,2.84348,2.86582,2.93967,2.01429,2.06368,2.03253,2.62569,2.31577,2.07808,2.63896,2.78643,2.4218
CESAR,EL PASO,9.683474681,-73.73833778,POINT (-73.73833778 9.683474681),TEXICAN OIL LTD SUCURSAL EN COLOMBIA,COMPAE,MARACAS,0,0,0.00028,0,0,0,0,0,0.00058,0,0,0
CESAR,GAMARRA,8.337726622,-73.70649199,POINT (-73.70649199 8.337726622),LEWIS ENERGY COLOMBIA INC,La Estancia,VMM 1,1.40983,1.3425,1.29298,1.10227,1.102,1.2164,1.26801,1.30841,1.21436,1.10303,1.18127,1.26274
CESAR,LA JAGUA IBIRICO,9.52099808,-73.32249338,POINT (-73.32249338 9.52099808),"DRUMMOND ENERGY, INC",CAPORO,LA LOMA,0.63655,0.67647,0.82334,0.99875,0.95034,0.97959,0.84454,0.84326,0.81554,0.92005,1.14119,1.10471
CESAR,RIO DE ORO,8.201070245,-73.48750127,POINT (-73.48750127 8.201070245),GRAN TIERRA ENERGY COLOMBIA LTD,CHUIRA,MIDAS,0.06713,0.06592,0.0755,0.07639,0.05727,0.06947,0.07124,0.08202,0.08134,0.08032,0.08034,0.07752
CESAR,RIO DE ORO,8.201070245,-73.48750127,POINT (-73.48750127 8.201070245),GRAN TIERRA ENERGY COLOMBIA LTD,LOS ANGELES,TISQUIRAMA B,0.04841,0.01761,0.00838,0,0,0,0,0,0.02282,0.02868,0.02684,0.00767
CESAR,RIO DE ORO,8.201070245,-73.48750127,POINT (-73.48750127 8.201070245),PAREX RESOURCES COLOMBIA LTD. SUCURSAL,PIMIENTO,FORTUNA,0.00057,0.00143,0,0,0,0,0,0,0,0,0,0
CESAR,RIO DE ORO,8.201070245,-73.48750127,POINT (-73.48750127 8.201070245),PAREX RESOURCES COLOMBIA LTD. SUCURSAL,TOTUMAL,FORTUNA,0.0069,0.00629,0,0,0.00144,0,0,0,0,0,0,0.16243
CESAR,SAN ALBERTO,7.769815987,-73.47218888,POINT (-73.47218888 7.769815987),GRAN TIERRA ENERGY COLOMBIA LTD,SANTA LUCÍA,TISQUIRAMA-A,0.01552,0.01551,0.00755,0,0,0,0,0,0,0,0,0
CESAR,SAN MARTÍN,7.937788454,-73.54436312,POINT (-73.54436312 7.937788454),GRAN TIERRA ENERGY COLOMBIA LTD,ACORDIONERO,MIDAS,8.77454,8.15912,7.56077,7.13283,6.14416,6.2231,5.18965,5.00858,4.5769,4.27171,3.73723,3.9439
CESAR,SAN MARTÍN,7.937788454,-73.54436312,POINT (-73.54436312 7.937788454),ECOPETROL S.A.,SAN ROQUE,TISQUIRAMA-C,0.63497,0.55721,0.56861,0.50513,0.46548,0.48373,0.55013,0.53745,0.55873,0.54184,0.6036,0.78484
CESAR,SAN MARTÍN,7.937788454,-73.54436312,POINT (-73.54436312 7.937788454),ECOPETROL S.A.,TISQUIRAMA,TISQUIRAMA-C,1.44845,1.2761,1.32658,1.28063,1.28219,1.26177,1.33168,1.28261,1.1957,1.18261,1.1184,1.01929
CORDOBA,PUEBLO NUEVO,8.481339568,-75.40516154,POINT (-75.40516154 8.481339568),HOCOL S.A.,ARRECIFE,VIM 8,0,0,0,0,0,0.08853,1.48697,0,1.79077,3.70867,3.73676,3.50772
CORDOBA,PUEBLO NUEVO,8.481339568,-75.40516154,POINT (-75.40516154 8.481339568),CANACOL ENERGY COLOMBIA SAS,BREVA,VIM 21,0,0,0,0,0,0,0,0,0,0,3.24549,1.92057
CORDOBA,PUEBLO NUEVO,8.481339568,-75.40516154,POINT (-75.40516154 8.481339568),GEOPRODUCTION OIL AND GAS COMPANY OF COLOMBIA,BREVA,VIM 21,0,0,0,0,0,0,0,0,0,4.90243,0,0
CORDOBA,PUEBLO NUEVO,8.481339568,-75.40516154,POINT (-75.40516154 8.481339568),CANACOL ENERGY COLOMBIA SAS,NELSON,ESPERANZA,0,0,0,0,0,0,0,0,0,0,48.74259,47.3127
CORDOBA,PUEBLO NUEVO,8.481339568,-75.40516154,POINT (-75.40516154 8.481339568),GEOPRODUCTION OIL AND GAS COMPANY OF COLOMBIA,NELSON,ESPERANZA,67.13252,66.24457,66.37212,57.21211,49.69093,57.7931,54.26547,50.95701,55.20689,54.66936,0,0
CORDOBA,PUEBLO NUEVO,8.481339568,-75.40516154,POINT (-75.40516154 8.481339568),CANACOL ENERGY COLOMBIA SAS,PALMER,ESPERANZA,0,0,0,0,0,0,0,0,0,0,4.21079,11.11583
CORDOBA,PUEBLO NUEVO,8.481339568,-75.40516154,POINT (-75.40516154 8.481339568),GEOPRODUCTION OIL AND GAS COMPANY OF COLOMBIA,PALMER,ESPERANZA,13.97032,9.59616,6.39222,6.55386,6.64872,6.41946,9.02484,6.69165,4.59923,3.99748,0,0
CORDOBA,PUEBLO NUEVO,8.481339568,-75.40516154,POINT (-75.40516154 8.481339568),CANACOL ENERGY COLOMBIA SAS,TORONJA,VIM 21,0,0,0,0,0,0,0,0,0,0,2.59609,1.88337
CORDOBA,PUEBLO NUEVO,8.481339568,-75.40516154,POINT (-75.40516154 8.481339568),GEOPRODUCTION OIL AND GAS COMPANY OF COLOMBIA,TORONJA,VIM 21,3.59191,3.28234,3.15192,3.58902,3.82658,3.4433,3.75391,4.58529,3.9286,3.64767,0,0
CORDOBA,SAHAGUN,8.799007016,-75.42925664,POINT (-75.42925664 8.799007016),CANACOL ENERGY COLOMBIA SAS,ARANDALA,VIM 21,0,0,0,0,0,0,0,0,0,0,1.43813,4.05774
CORDOBA,SAHAGUN,8.799007016,-75.42925664,POINT (-75.42925664 8.799007016),GEOPRODUCTION OIL AND GAS COMPANY OF COLOMBIA,ARANDALA,VIM 21,0,0,0,0,0,0,0,0,0,0.249,0,0
CORDOBA,SAHAGUN,8.799007016,-75.42925664,POINT (-75.42925664 8.799007016),GEOPRODUCTION OIL AND GAS COMPANY OF COLOMBIA,ARIANNA,ESPERANZA,0.00619,0.00728,0,0,0,0,0.00049,0,0,0,0,0
CORDOBA,SAHAGUN,8.799007016,-75.42925664,POINT (-75.42925664 8.799007016),GEOPRODUCTION OIL AND GAS COMPANY OF COLOMBIA,CAÑAHUATE,ESPERANZA,2.19147,2.18504,1.91613,1.68963,1.86941,1.62138,1.8743,1.70672,1.41425,0.06119,0,0
CORDOBA,SAHAGUN,8.799007016,-75.42925664,POINT (-75.42925664 8.799007016),CNE OIL & GAS S A S,CLARINETE,VIM 5,20.7556,20.8791,17.57352,13.35412,17.39288,23.07756,32.01604,0,46.03218,50.45457,45.6967,52.58059
CORDOBA,SAHAGUN,8.799007016,-75.42925664,POINT (-75.42925664 8.799007016),CANACOL ENERGY COLOMBIA SAS,KATANA,ESPERANZA,0,0,0,0,0,0,0,0,0,0,0,0.15988
CORDOBA,SAHAGUN,8.799007016,-75.42925664,POINT (-75.42925664 8.799007016),GEOPRODUCTION OIL AND GAS COMPANY OF COLOMBIA,KATANA,ESPERANZA,0,0,0,0,0,0,0,0,0.18815,0,0,0
CORDOBA,SAHAGUN,8.799007016,-75.42925664,POINT (-75.42925664 8.799007016),CNE OIL & GAS S A S,OBOE,VIM 5,0,0.002,0,0.05046,0.14702,0,0,0,0,0,0.03039,0
CUNDINAMARCA,GUADUAS,5.173554764,-74.64014651,POINT (-74.64014651 5.173554764),Frontera Energy Colombia Corp Sucursal Colombia,GUADUAS,DINDAL,0.98126,0.91859,0.91303,0.91143,0.91471,0.9428,0.92297,0.93913,0.87167,0.894,0.8455,0.83823
CUNDINAMARCA,PULI,4.691336253,-74.68074404,POINT (-74.68074404 4.691336253),HOCOL S.A.,PULI,PULI,0.07776,0.08304,0.15242,0.11314,0.03069,0.10012,0.06788,0.17152,0.06593,0.16384,0.0082,0.00292
GUAJIRA,MANAURE,11.60554263,-72.57160392,POINT (-72.57160392 11.60554263),CHEVRON PETROLEUM COMPANY,BALLENA,GUAJIRA,17.45206,17.62128,11.35442,9.4351,0,0,0,0,0,0,0,0
GUAJIRA,MANAURE,11.60554263,-72.57160392,POINT (-72.57160392 11.60554263),HOCOL S.A.,BALLENA,GUAJIRA,0,0,0,0,12.37348,16.73237,13.16174,14.7617,17.73074,22.3223,24.77701,9.21556
GUAJIRA,MANAURE,11.60554263,-72.57160392,POINT (-72.57160392 11.60554263),CHEVRON PETROLEUM COMPANY,CHUCHUPA,GUAJIRA,123.70594,126.92417,103.88019,96.04323,0,0,0,0,0,0,0,0
GUAJIRA,MANAURE,11.60554263,-72.57160392,POINT (-72.57160392 11.60554263),HOCOL S.A.,CHUCHUPA,GUAJIRA,0,0,0,0,109.20529,119.23133,120.16013,120.64304,115.83239,124.96957,123.6448,120.02489
GUAJIRA,RIOHACHA,11.24297214,-72.95876315,POINT (-72.95876315 11.24297214),HOCOL S.A.,BALLENA,GUAJIRA,0,0,0,0,0,0,0,0,0,0,0,13.23655
HUILA,AIPE,3.243441923,-75.27670655,POINT (-75.27670655 3.243441923),ECOPETROL S.A.,ARRAYÁN,PIJAO-POTRERILLO,0.29324,0.29772,0.27681,0.2738,0.24706,0.2297,0.21945,0.21139,0.10477,0.11797,0.13897,0.13735
HUILA,AIPE,3.243441923,-75.27670655,POINT (-75.27670655 3.243441923),ECOPETROL S.A.,BALCÓN,PALERMO,0.28261,0.27697,0.31048,0.24977,0.26958,0.3155,0.27245,0.31887,0.3456,0.3401,0.35063,0.3549
HUILA,AIPE,3.243441923,-75.27670655,POINT (-75.27670655 3.243441923),ECOPETROL S.A.,BRISAS,PIJAO-POTRERILLO,0.04468,0.04328,0.0539,0.04853,0.04819,0.047,0.04558,0.04384,0.04667,0.04235,0.03933,0.03761
HUILA,AIPE,3.243441923,-75.27670655,POINT (-75.27670655 3.243441923),ECOPETROL S.A.,DINA CRETÁCEOS,PIJAO-POTRERILLO,0.25211,0.25324,0.29,0.29033,0.27971,0.27583,0.29429,0.30594,0.29567,0.25123,0.2797,0.2839
HUILA,AIPE,3.243441923,-75.27670655,POINT (-75.27670655 3.243441923),ECOPETROL S.A.,DINA NORTE,PIJAO-POTRERILLO,0.7769,0.66797,0.67791,0.6043,0.50597,0.51873,0.44865,0.4091,0.25957,0.23184,0.2097,0.2011
HUILA,AIPE,3.243441923,-75.27670655,POINT (-75.27670655 3.243441923),ECOPETROL S.A.,DINA TERCIARIOS,PIJAO-POTRERILLO,1.04061,1.06703,1.03413,1.0776,1.0951,1.12633,1.10055,1.05381,1.06573,1.06594,1.0791,1.11506
HUILA,AIPE,3.243441923,-75.27670655,POINT (-75.27670655 3.243441923),ECOPETROL S.A.,LOMA LARGA,PIJAO-POTRERILLO,0,0,0,0.06904,0.0542,0,0,0,0,0,0,0
HUILA,AIPE,3.243441923,-75.27670655,POINT (-75.27670655 3.243441923),ECOPETROL S.A.,TEMPRANILLO,PIJAO-POTRERILLO,0.18521,0.13904,0.04963,0.13402,0.19741,0.23314,0.28989,0.30308,0.28438,0.24648,0.27933,0.29565
HUILA,AIPE,3.243441923,-75.27670655,POINT (-75.27670655 3.243441923),ECOPETROL S.A.,TEMPRANILLO NORTE,PIJAO-POTRERILLO,0.17346,0.1882,0.1903,0.26752,0.22901,0.20559,0.18382,0.20756,0.19609,0.17839,0.21567,0.20868
HUILA,AIPE,3.243441923,-75.27670655,POINT (-75.27670655 3.243441923),ECOPETROL S.A.,TENAY,PIJAO-POTRERILLO,0.54152,0.60728,0.54281,0.58843,0.55381,0.5706,0.55684,0.60939,0.68527,0.55635,0.62403,0.58455
HUILA,GARZON,2.172441496,-75.57131243,POINT (-75.57131243 2.172441496),EMERALD ENERGY PLC SUCURSAL COLOMBIA,GIGANTE,MATAMBO,0.68315,0.67429,0.66918,0.56239,0.63274,0.62035,0.61699,0.55639,0.59674,0.62143,0.58222,0.62296
HUILA,NEIVA,2.993360046,-75.27236232,POINT (-75.27236232 2.993360046),ECOPETROL S.A.,CEBÚ,PIJAO-POTRERILLO,0.06631,0.04823,0.03923,0.00371,0,0,0.01178,0.02411,0.02523,0.04348,0.04477,0.02123
HUILA,NEIVA,2.993360046,-75.27236232,POINT (-75.27236232 2.993360046),ECOPETROL S.A.,ESPINO,CAGUAN,0.02663,0.02977,0.01712,0.01431,0.01205,0.01286,0.03063,0.0325,0.02251,0.0182,0.00917,0.00925
HUILA,NEIVA,2.993360046,-75.27236232,POINT (-75.27236232 2.993360046),ECOPETROL S.A.,PALOGRANDE,PIJAO-POTRERILLO,0.22909,0.26509,0.28701,0.28422,0.24165,0.2708,0.26007,0.19031,0.16527,0.20933,0.16567,0.13952
HUILA,NEIVA,2.993360046,-75.27236232,POINT (-75.27236232 2.993360046),ECOPETROL S.A.,PALOGRANDE HONDA,PIJAO-POTRERILLO,0.0719,0.07176,0.17777,0.1581,0.13635,0.126,0.13581,0.06032,0.0422,0.04788,0.04137,0.02945
HUILA,NEIVA,2.993360046,-75.27236232,POINT (-75.27236232 2.993360046),ECOPETROL S.A.,PIJAO POTRERILLO,PIJAO-POTRERILLO,0.04609,0.05379,0.03353,0.00431,0,0,0.01224,0.00384,0.00433,0.00442,0.02253,0.02687
HUILA,NEIVA,2.993360046,-75.27236232,POINT (-75.27236232 2.993360046),ECOPETROL S.A.,RIO CEIBAS,CAGUAN,1.95688,1.98747,1.85743,1.84779,1.77379,1.7254,1.6834,1.64376,1.58889,1.58628,1.44809,1.44852
HUILA,NEIVA,2.993360046,-75.27236232,POINT (-75.27236232 2.993360046),ECOPETROL S.A.,SAN FRANCISCO,PALERMO,1.97991,2.09955,1.93715,1.60416,1.63714,1.62191,1.52231,1.59903,1.65861,1.9414,1.99595,2.06313
HUILA,NEIVA,2.993360046,-75.27236232,POINT (-75.27236232 2.993360046),ECOPETROL S.A.,TELLO,CAMPOS TELLO Y LA JAGUA,0.99981,0.98414,0.97011,0.92173,0.89786,0.872,0.79381,0.81657,0.81756,0.83111,0.87445,0.96771
HUILA,PAICOL,2.40689827,-75.72803027,POINT (-75.72803027 2.40689827),HOCOL S.A.,LA CAÑADA NORTE,RIO PAEZZ,1.62999,1.71323,1.62133,1.61538,1.65473,1.69942,1.84988,1.86988,1.89561,1.94025,2.07725,2.39986
HUILA,PALERMO,2.914491967,-75.44066118,POINT (-75.44066118 2.914491967),ECOPETROL S.A.,PALERMO,PALERMO,0.05306,0.08952,0.08003,0.0847,0.07555,0.06377,0.04852,0.05129,0.05567,0.05735,0.0601,0.05626
HUILA,PALERMO,2.914491967,-75.44066118,POINT (-75.44066118 2.914491967),ECOPETROL S.A.,SAN FRANCISCO,PALERMO,0.90919,0.94432,0.9511,1.04355,1.00627,0.96211,0.89792,0.90081,0.91413,0.88867,0.90825,0.91468
HUILA,PALERMO,2.914491967,-75.44066118,POINT (-75.44066118 2.914491967),ECOPETROL S.A.,SANTA CLARA,SANTA CLARA,0.24507,0.214,0.30277,0.3214,0.30671,0.2894,0.25558,0.23571,0.23217,0.20981,0.20433,0.25313
HUILA,TESALIA,2.526855132,-75.68259642,POINT (-75.68259642 2.526855132),HOCOL S.A.,LA HOCHA,RIO PAEZ,0.55176,0.59277,0.58918,0.58035,0.59912,0.59106,0.56697,0.53004,0.50928,0.58682,0.60928,0.56458
HUILA,VILLAVIEJA,3.287057875,-75.13838292,POINT (-75.13838292 3.287057875),ECOPETROL S.A.,LOMA LARGA,PIJAO-POTRERILLO,0.13914,0.11399,0.10563,0,0,0.05439,0.05906,0.0447,0.0498,0.03218,0.04076,0.03115
HUILA,YAGUARA,2.646563339,-75.51592645,POINT (-75.51592645 2.646563339),ECOPETROL S.A.,YAGUARA,HOBO,0.72281,0.70993,0.77268,0.6968,0.65074,0.63843,0.617,0.64997,0.65373,0.65587,0.65967,0.67184
MAGDALENA,ARIGUANI,9.834264955,-74.08460085,POINT (-74.08460085 9.834264955),PETROLEOS SUD AMERICANOS SUCURSAL COLOMBIA,EL DIFÍCIL,EL DIFÍCIL,12.57077,9.07169,9.64845,11.33528,10.98892,10.83624,10.58176,10.45659,10.39376,10.40512,10.25492,10.03169
MAGDALENA,ARIGUANI,9.834264955,-74.08460085,POINT (-74.08460085 9.834264955),PETROLEOS SUD AMERICANOS SUCURSAL COLOMBIA,MANDINGA,EL DIFÍCIL,0.0665,0.02834,0.26027,0.29057,0.18633,0.15438,0.1208,0.09539,0.07353,0.06431,0.05385,0.04686
MAGDALENA,ARIGUANI,9.834264955,-74.08460085,POINT (-74.08460085 9.834264955),PETROLEOS SUD AMERICANOS SUCURSAL COLOMBIA,MULATO,EL DIFÍCIL,0.01673,0.00012,0,0,0,0,0,0,0,0,0,0
MAGDALENA,PLATO,9.76945611,-74.60181576,POINT (-74.60181576 9.76945611),PAREX RESOURCES COLOMBIA LTD. SUCURSAL,LA BELLEZA,VIM 1,4.79958,3.10768,0,0,0,0,0,0,0,0,0,0
MAGDALENA,SANTA ANA,9.503097215,-74.44419381,POINT (-74.44419381 9.503097215),Frontera Energy Colombia Corp Sucursal Colombia,CAPURE,GUAMA,0.00757,0.00536,0.00721,0.00321,0,0,0,0,0,0,0,0
MAGDALENA,SANTA ANA,9.503097215,-74.44419381,POINT (-74.44419381 9.503097215),Frontera Energy Colombia Corp Sucursal Colombia,COTORRA,GUAMA,0.01514,0.00897,0.00757,0.00332,0,0,0,0,0,0,0,0
MAGDALENA,SANTA ANA,9.503097215,-74.44419381,POINT (-74.44419381 9.503097215),Frontera Energy Colombia Corp Sucursal Colombia,MANAMO,GUAMA,0.01215,0.02385,0.03209,0.01471,0,0,0,0,0,0,0,0
META,VILLAVICENCIO,4.09166877,-73.49291595,POINT (-73.49291595 4.09166877),ECOPETROL S.A.,LIBERTAD NORTE,APIAY,0.49473,0.36831,0.2005,0.20689,0.2482,0.17708,0.18534,0.09977,0.12084,0.14142,0.15985,0.13786
MAGDALENA,SANTA ANA,9.503097215,-74.44419381,POINT (-74.44419381 9.503097215),Frontera Energy Colombia Corp Sucursal Colombia,PEDERNALITO,GUAMA,0.22756,0.23484,0.20786,0.09311,0,0,0.00181,0,0,0,0,0
META,ACACIAS,3.943383008,-73.57135162,POINT (-73.57135162 3.943383008),ECOPETROL S.A.,AKACIAS,CPO 9,0.75159,0.71923,0.70906,0.57475,0.09242,0,0,0,0,0.12514,0.41634,0.66216
META,ACACIAS,3.943383008,-73.57135162,POINT (-73.57135162 3.943383008),ECOPETROL S.A.,CHICHIMENE,CUBARRAL,3.61671,3.50295,3.40707,2.95131,2.80238,3.07214,3.48045,3.65193,3.07237,3.29659,3.71413,4.14739
META,ACACIAS,3.943383008,-73.57135162,POINT (-73.57135162 3.943383008),ECOPETROL S.A.,CHICHIMENE SW,CUBARRAL,0.00004,0,0,0,0,0,0,0,0.00022,0.00079,0,0
META,BARRANCA DE UPIA,4.519076127,-72.99548981,POINT (-72.99548981 4.519076127),Frontera Energy Colombia Corp Sucursal Colombia,CORCEL A,CORCEL,0,0.0917,0.09426,0.08014,0.08771,0.08222,0.08309,0.08225,0.08168,0.08169,0.08084,0.08055
META,BARRANCA DE UPIA,4.519076127,-72.99548981,POINT (-72.99548981 4.519076127),Frontera Energy Colombia Corp Sucursal Colombia,CORCEL A,CORCEL,0.07997,0,0,0,0,0,0,0,0,0,0,0
META,BARRANCA DE UPIA,4.519076127,-72.99548981,POINT (-72.99548981 4.519076127),Frontera Energy Colombia Corp Sucursal Colombia,CORCEL C,CORCEL,0,0.15247,0.14623,0.08015,0.04108,0.00408,0.00166,0,0,0,0,0
META,BARRANCA DE UPIA,4.519076127,-72.99548981,POINT (-72.99548981 4.519076127),Frontera Energy Colombia Corp Sucursal Colombia,CORCEL C,CORCEL,0.16272,0,0,0,0,0,0,0,0,0,0,0
META,BARRANCA DE UPIA,4.519076127,-72.99548981,POINT (-72.99548981 4.519076127),Frontera Energy Colombia Corp Sucursal Colombia,ESPADARTE,CORCEL,0,0.01581,0.01535,0.00248,0,0,0,0,0,0,0,0
META,BARRANCA DE UPIA,4.519076127,-72.99548981,POINT (-72.99548981 4.519076127),Frontera Energy Colombia Corp Sucursal Colombia,ESPADARTE,CORCEL,0.01603,0,0,0,0,0,0,0,0,0,0,0
META,CABUYARO,4.315244759,-72.95268896,POINT (-72.95268896 4.315244759),Frontera Energy Colombia Corp Sucursal Colombia,CANDELILLA,GUATIQUIA,0,0.09773,0.08401,0.08425,0.08386,0.0816,0.07948,0.08248,0.0883,0.08509,0.07642,0.07721
META,CABUYARO,4.315244759,-72.95268896,POINT (-72.95268896 4.315244759),Frontera Energy Colombia Corp Sucursal Colombia,CANDELILLA,GUATIQUIA,0.11509,0,0,0,0,0,0,0,0,0,0,0
META,CABUYARO,4.315244759,-72.95268896,POINT (-72.95268896 4.315244759),Frontera Energy Colombia Corp Sucursal Colombia,CEIBO,GUATIQUIA,0,1.06946,0.74668,0.77223,0.91263,0.8417,0.79994,0.85069,0.86041,0.84318,0.84085,0.85143
META,CABUYARO,4.315244759,-72.95268896,POINT (-72.95268896 4.315244759),Frontera Energy Colombia Corp Sucursal Colombia,CEIBO,GUATIQUIA,1.15291,0,0,0,0,0,0,0,0,0,0,0
META,CABUYARO,4.315244759,-72.95268896,POINT (-72.95268896 4.315244759),Frontera Energy Colombia Corp Sucursal Colombia,COBRA,CORCEL,0,0.00619,0.00374,0.00216,0.00832,0.0052,0.00508,0.00532,0.00527,0.0044,0.00502,0.005
META,CABUYARO,4.315244759,-72.95268896,POINT (-72.95268896 4.315244759),Frontera Energy Colombia Corp Sucursal Colombia,COBRA,CORCEL,0.0078,0,0,0,0,0,0,0,0,0,0,0
META,CABUYARO,4.315244759,-72.95268896,POINT (-72.95268896 4.315244759),Frontera Energy Colombia Corp Sucursal Colombia,Coralillo,GUATIQUIA,0,0.00195,0.00132,0,0.01513,0.06228,0.06742,0.06803,0.06851,0.06949,0.06623,0.06629
META,CABUYARO,4.315244759,-72.95268896,POINT (-72.95268896 4.315244759),Frontera Energy Colombia Corp Sucursal Colombia,CORCEL E,CORCEL,0,0.02633,0.02661,0.02588,0.02701,0.02474,0.02851,0.02855,0.02832,0.02779,0.02702,0.02684
META,CABUYARO,4.315244759,-72.95268896,POINT (-72.95268896 4.315244759),Frontera Energy Colombia Corp Sucursal Colombia,CORCEL E,CORCEL,0.02514,0,0,0,0,0,0,0,0,0,0,0
META,CABUYARO,4.315244759,-72.95268896,POINT (-72.95268896 4.315244759),ONGC VIDESH LIMITED SUCURSAL COLOMBIANA,INDICO,CPO 5,0.02546,0.02723,0.02935,0.02956,0.02779,0.0293,0.0261,0.0289,0.02897,0.02995,0.04479,0.0705
META,CABUYARO,4.315244759,-72.95268896,POINT (-72.95268896 4.315244759),ONGC VIDESH LIMITED SUCURSAL COLOMBIANA,MARIPOSA,CPO 5,0.10717,0.08575,0.08305,0.08182,0.06241,0.01948,0.02113,0.02487,0.02135,0.03236,0.04522,0.05696
META,CABUYARO,4.315244759,-72.95268896,POINT (-72.95268896 4.315244759),Frontera Energy Colombia Corp Sucursal Colombia,YATAY,GUATIQUIA,0,0,0,0,0,0,0,0,0.00168,0.00027,0,0
META,CABUYARO,4.315244759,-72.95268896,POINT (-72.95268896 4.315244759),Frontera Energy Colombia Corp Sucursal Colombia,YATAY,GUATIQUIA,0.00152,0,0,0,0,0,0,0,0,0,0,0
META,GUAMAL,3.947775585,-73.95983864,POINT (-73.95983864 3.947775585),ECOPETROL S.A.,CHICHIMENE,CUBARRAL,0.13015,0.13107,0.04969,0.08824,0.08859,0.0889,0.15129,0.1267,0.14042,0.17316,0.19217,0.23774
META,GUAMAL,3.947775585,-73.95983864,POINT (-73.95983864 3.947775585),ECOPETROL S.A.,CHICHIMENE SW,CUBARRAL,0.34442,0.25702,0.16695,0.1165,0.09753,0.1137,0.16603,0.17397,0.16764,0.16107,0.13063,0.09941
META,PUERTO GAITAN,4.005034467,-71.63157429,POINT (-71.63157429 4.005034467),CEPSA COLOMBIA S.A.,CARACARA SUR A,CARACARA,0.25664,0.24687,0.24639,0.2503,0.23023,0.23228,0.22792,0.22383,0.22681,0.23638,0.22968,0.23557
META,PUERTO GAITAN,4.005034467,-71.63157429,POINT (-71.63157429 4.005034467),CEPSA COLOMBIA S.A.,CARACARA SUR B Y C,CARACARA,0.09031,0.08781,0.0893,0.0864,0.07722,0.07457,0.07847,0.07658,0.07186,0.06507,0.06811,0.07313
META,PUERTO GAITAN,4.005034467,-71.63157429,POINT (-71.63157429 4.005034467),HOCOL S.A.,GUARROJO,GUARROJO,0.00368,0.00411,0.00387,0.00359,0.00387,0.004,0.00367,0.00342,0.00332,0.00357,0.00487,0.00504
META,PUERTO GAITAN,4.005034467,-71.63157429,POINT (-71.63157429 4.005034467),HOCOL S.A.,OCELOTE,GUARROJO,0.34741,0.33289,0.33431,0.30578,0.31045,0.31505,0.30813,0.30451,0.29521,0.29994,0.2526,0.29963
META,PUERTO GAITAN,4.005034467,-71.63157429,POINT (-71.63157429 4.005034467),HOCOL S.A.,PINTADO,GUARROJO,0.20337,0.21741,0.2378,0.23486,0.17849,0.17585,0.19932,0.20664,0.20868,0.20449,0.18658,0.22115
META,VILLAVICENCIO,4.09166877,-73.49291595,POINT (-73.49291595 4.09166877),ECOPETROL S.A.,APIAY,APIAY,0.5611,0.64288,0.81779,0.94275,0.8597,0.6164,0.70417,0.8146,0.78354,0.71994,0.78406,0.51295
META,VILLAVICENCIO,4.09166877,-73.49291595,POINT (-73.49291595 4.09166877),ECOPETROL S.A.,APIAY ESTE,APIAY,0.25376,0.21911,0.22141,0.24246,0.28034,0.2568,0.24161,0.19016,0.21967,0.24314,0.22246,0.18161
META,VILLAVICENCIO,4.09166877,-73.49291595,POINT (-73.49291595 4.09166877),ECOPETROL S.A.,AUSTRAL,APIAY,0.0868,0.07406,0.06996,0.02481,0.01951,0.0529,0.02936,0.05562,0.02525,0.02236,0.15445,0.1014
META,VILLAVICENCIO,4.09166877,-73.49291595,POINT (-73.49291595 4.09166877),ECOPETROL S.A.,GAVAN,APIAY,0.15979,0.19104,0.28301,0.26601,0.24374,0.19257,0.20907,0.22211,0.13143,0.21069,0.18152,0.1439
META,VILLAVICENCIO,4.09166877,-73.49291595,POINT (-73.49291595 4.09166877),ECOPETROL S.A.,GUATIQUIA,APIAY,1.15051,1.19129,1.28266,1.81062,1.82923,1.90139,2.09077,1.51006,1.61002,1.88107,2.38123,2.60674
META,VILLAVICENCIO,4.09166877,-73.49291595,POINT (-73.49291595 4.09166877),ECOPETROL S.A.,GUAYURIBA,APIAY,0,0,0,0.0438,0,0,0,0,0,0,0,0
META,VILLAVICENCIO,4.09166877,-73.49291595,POINT (-73.49291595 4.09166877),ECOPETROL S.A.,POMPEYA,APIAY,0.06405,0.05871,0.06395,0.04197,0.02484,0.00993,0.00763,0.01314,0.10185,0.08713,0.14356,0.02757
META,VILLAVICENCIO,4.09166877,-73.49291595,POINT (-73.49291595 4.09166877),ECOPETROL S.A.,SAURIO,APIAY,1.14575,0.83252,0,0.01826,0.19052,0.1472,0.14907,0.14384,0.17398,0.16326,0.02152,0
META,VILLAVICENCIO,4.09166877,-73.49291595,POINT (-73.49291595 4.09166877),ECOPETROL S.A.,SURIA,APIAY,4.30064,3.78255,3.74821,3.44357,2.89712,2.75128,2.53909,2.77724,3.93476,3.96777,3.76533,4.34273
META,VILLAVICENCIO,4.09166877,-73.49291595,POINT (-73.49291595 4.09166877),ECOPETROL S.A.,SURIA SUR,APIAY,0.69412,0.97607,1.22504,0.89426,0.76889,0.584,0.46173,0.75241,1.4611,1.68573,1.83661,1.73375
META,VILLAVICENCIO,4.09166877,-73.49291595,POINT (-73.49291595 4.09166877),ECOPETROL S.A.,TANANE,APIAY,0.19545,0.10107,0.14091,0.218,0.13172,0.17271,0.11492,0.10852,0.37772,0.34137,0.38947,0.12934
NARIÑO,IPIALES,0.497708465,-77.24047625,POINT (-77.24047625 0.497708465),ECOPETROL S.A.,SUCUMBIOS,AREA OCCIDENTAL,2.0011,1.97107,1.51939,0,0,0,0,0.00357,0,0,0.01469,0.02909
NORTE DE SANTANDER,CUCUTA,8.112041811,-72.48862641,POINT (-72.48862641 8.112041811),PETROSOUTH ENERGY CORPORATION SUCURSAL COLOMBIA,CERRITO,CERRITO,0.31223,0.31599,0.30787,0.28988,0.2906,0.27968,0.2923,0.28619,0.27139,0.22939,0.29929,0.24164
NORTE DE SANTANDER,CUCUTA,8.112041811,-72.48862641,POINT (-72.48862641 8.112041811),ECOPETROL S.A.,ORIPAYA,URIBANTE,3.07158,3.13566,3.11377,2.8551,2.91639,3.27267,3.25345,3.00074,2.96737,2.65819,3.27057,3.37458
NORTE DE SANTANDER,CUCUTA,8.112041811,-72.48862641,POINT (-72.48862641 8.112041811),Iberoamericana de Hidrocarburos CQ Exploración y Producción S.A.S.,RIO ZULIA,RIO ZULIA,0.26215,0.26314,0.25881,0.26985,0.26539,0.28087,0.27178,0.2703,0.24403,0.27701,0.271,0.27023
NORTE DE SANTANDER,CUCUTA,8.112041811,-72.48862641,POINT (-72.48862641 8.112041811),PETROSOUTH ENERGY CORPORATION SUCURSAL COLOMBIA,T-BURNS,CERRITO,0.00193,0.00242,0.00166,0.00146,0.00164,0.00154,0.00223,0.00204,0.00133,0.00269,0.00083,0
NORTE DE SANTANDER,SARDINATA,8.215080767,-72.79580961,POINT (-72.79580961 8.215080767),WATTLE PETROLEUM COMPANY S.A.S,CERRO GORDO,CARBONERA,0.44878,0.02384,0.11503,0,0,0,0,0,0.02202,0,0,0
NORTE DE SANTANDER,TIBU,8.713507237,-72.79925855,POINT (-72.79925855 8.713507237),ECOPETROL S.A.,SARDINATA,TIBU,0.18613,0.15933,0.18345,0.09571,0.15762,0.13063,0.0236,0.18948,0.17615,0.15856,0.16965,0.20049
NORTE DE SANTANDER,TIBU,8.713507237,-72.79925855,POINT (-72.79925855 8.713507237),ECOPETROL S.A.,TIBÚ,TIBU,0.71014,0.7409,1.16805,1.345,1.17576,0.52065,0.52016,1.107,1.32701,1.21274,1.21187,1.1461
NORTE DE SANTANDER,TOLEDO,7.225864961,-72.30593418,POINT (-72.30593418 7.225864961),ECOPETROL S.A.,GIBRALTAR,SIRIRI,26.40096,40.65545,33.54734,30.6504,28.93274,29.59289,29.58567,28.60436,32.90005,32.23337,37.16273,40.18261
PUTUMAYO,MOCOA,1.26070915,-76.66584349,POINT (-76.66584349 1.26070915),GRAN TIERRA ENERGY COLOMBIA LTD,MOQUETA,CHAZA,0.47971,0.44982,0.44058,0.38854,0.36565,0.2762,0.05417,0.27823,0.26359,0.28601,0.32019,0.38327
PUTUMAYO,ORITO,0.673756323,-76.94313923,POINT (-76.94313923 0.673756323),ECOPETROL S.A.,CARIBE,AREA OCCIDENTAL,0.32514,0.34436,0.20638,0.14733,0.12925,0.13957,0.13273,0.23415,0.37183,0.38321,0.36504,0.35994
PUTUMAYO,ORITO,0.673756323,-76.94313923,POINT (-76.94313923 0.673756323),ECOPETROL S.A.,CHURUYACO,AREA OCCIDENTAL,0.27309,0.35709,0.3547,0,0,0.00863,0,0,0.21556,0.523,0.52076,0.43865
PUTUMAYO,ORITO,0.673756323,-76.94313923,POINT (-76.94313923 0.673756323),GRAN TIERRA ENERGY COLOMBIA LTD,NANCY,NANCY-BURDINE-MAXINE,0.01629,0.0166,0.00715,0,0,0,0,0,0,0,0,0.00232
PUTUMAYO,ORITO,0.673756323,-76.94313923,POINT (-76.94313923 0.673756323),ECOPETROL S.A.,ORITO,ORITO,2.7895,3.03727,3.08244,3.27604,2.56114,2.44636,2.2403,2.15497,1.63266,1.88781,2.08321,2.10395
PUTUMAYO,ORITO,0.673756323,-76.94313923,POINT (-76.94313923 0.673756323),ECOPETROL S.A.,QURIYANA,AREA OCCIDENTAL,0,0,0,0,0,0,0,0,0,0.86223,0,0.00961
PUTUMAYO,ORITO,0.673756323,-76.94313923,POINT (-76.94313923 0.673756323),ECOPETROL S.A.,SAN ANTONIO,AREA OCCIDENTAL,0.16607,0.06681,0.00614,0,0,0,0,0,0,0,0,0
PUTUMAYO,ORITO,0.673756323,-76.94313923,POINT (-76.94313923 0.673756323),ECOPETROL S.A.,SUCIO,AREA OCCIDENTAL,0,0.00245,0.04476,0.02458,0.04095,0.0416,0.04762,0.07394,0.13477,0.15266,0.14799,0.13716
PUTUMAYO,PUERTO ASIS,0.433884539,-76.52158203,POINT (-76.52158203 0.433884539),GRAN TIERRA ENERGY COLOMBIA LTD,COHEMBI,SURORIENTE,0,0,0,0,0,0,0,0.04388,0.44846,0.53924,0.46388,0.59866
PUTUMAYO,PUERTO ASIS,0.433884539,-76.52158203,POINT (-76.52158203 0.433884539),VETRA EXPLORACION Y PRODUCCION COLOMBIA S.A.S.,COHEMBI,SURORIENTE,0.85816,0.47879,0,0,0,0,0,0,0,0,0,0
PUTUMAYO,PUERTO ASIS,0.433884539,-76.52158203,POINT (-76.52158203 0.433884539),GRAN TIERRA ENERGY COLOMBIA LTD,CUMPLIDOR,PUT-7,0.05022,0.03445,0.00337,0,0,0,0,0.00195,0.018,0.02536,0.00998,0.00483
PUTUMAYO,PUERTO ASIS,0.433884539,-76.52158203,POINT (-76.52158203 0.433884539),AMERISUR EXPLORACION COLOMBIA LTD,PLATANILLO,PLATANILLO,0.60939,0.60417,0.53645,0.28967,0.35861,0.3884,0.35877,0.1104,0.33895,0.35398,0.42246,0.39711
PUTUMAYO,PUERTO ASIS,0.433884539,-76.52158203,POINT (-76.52158203 0.433884539),GRAN TIERRA ENERGY COLOMBIA LTD,QUILLACINGA,SURORIENTE,0,0,0,0,0,0,0,0,0,0.13737,0.39001,0.41264
PUTUMAYO,PUERTO ASIS,0.433884539,-76.52158203,POINT (-76.52158203 0.433884539),VETRA EXPLORACION Y PRODUCCION COLOMBIA S.A.S.,QUILLACINGA,SURORIENTE,0.93514,0.53467,0,0,0,0,0,0,0,0,0,0
PUTUMAYO,PUERTO ASIS,0.433884539,-76.52158203,POINT (-76.52158203 0.433884539),VETRA EXPLORACION Y PRODUCCION COLOMBIA S.A.S.,QUINDE,SURORIENTE,0.02727,0.01919,0.01494,0,0,0,0,0,0,0,0,0
PUTUMAYO,PUERTO CAICEDO,0.70416861,-76.49864415,POINT (-76.49864415 0.70416861),ECOPETROL S.A.,MANSOYA,NORORIENTE,0.0023,0,0.00016,0.0021,0.003,0.003,0.003,0.00409,0.00351,0.00369,0.03759,0.00414
PUTUMAYO,PUERTO CAICEDO,0.70416861,-76.49864415,POINT (-76.49864415 0.70416861),ECOPETROL S.A.,YURILLA,NORORIENTE,0.08339,0.09936,0.01617,0,0,0,0,0.08871,0.08652,0.07599,0.04824,0.06384
PUTUMAYO,SAN MIGUEL,0.272449048,-76.84510459,POINT (-76.84510459 0.272449048),ECOPETROL S.A.,ACAE SAN MIGUEL,AREA SUR,0.38235,0.66446,0.51639,0.25089,0.24717,0.34967,0.38962,0.39195,0.41709,0.48272,0.43632,0.39134
PUTUMAYO,SAN MIGUEL,0.272449048,-76.84510459,POINT (-76.84510459 0.272449048),ECOPETROL S.A.,LORO,AREA SUR,0.04218,0.1982,0.05028,0.03221,0.0273,0.04805,0.16806,0.17788,0.04439,0.04406,0.052,0.04962
PUTUMAYO,VALLE DEL GUAMUEZ,0.42012589,-76.77067026,POINT (-76.77067026 0.42012589),ECOPETROL S.A.,HORMIGA,AREA SUR,0.007,0.007,0.00497,0,0,0,0.0009,0.00429,0.007,0.007,0.007,0.00384
PUTUMAYO,VALLE DEL GUAMUEZ,0.42012589,-76.77067026,POINT (-76.77067026 0.42012589),ECOPETROL S.A.,LORO,AREA SUR,0.12024,0.06061,0.115,0.03387,0.02209,0.09719,0.05988,0.02024,0.2041,0.15477,0.17642,0.18512
PUTUMAYO,VILLAGARZON,0.911149515,-76.74495447,POINT (-76.74495447 0.911149515),EMERALD ENERGY PLC SUCURSAL COLOMBIA,AGAPANTO,MARANTA,0.02106,0.02026,0.00642,0,0,0,0,0.01382,0.01602,0.01566,0.01219,0.01527
PUTUMAYO,VILLAGARZON,0.911149515,-76.74495447,POINT (-76.74495447 0.911149515),GRAN TIERRA ENERGY COLOMBIA LTD,COSTAYACO,CHAZA,1.77297,1.49254,1.4063,1.71825,1.16276,1.30786,1.06844,1.04387,0.94069,0.98593,1.02138,1.0112
PUTUMAYO,VILLAGARZON,0.911149515,-76.74495447,POINT (-76.74495447 0.911149515),GRAN TIERRA ENERGY COLOMBIA LTD,JUANAMBU,GUAYUYACO,0.05466,0.05367,0.05525,0,0,0,0,0.01909,0.04892,0.05149,0.04984,0.04386
PUTUMAYO,VILLAGARZON,0.911149515,-76.74495447,POINT (-76.74495447 0.911149515),EMERALD ENERGY PLC SUCURSAL COLOMBIA,MIRTO,MARANTA,0.05145,0.0472,0.02154,0,0,0,0,0.02089,0.02572,0.02202,0.03086,0.02994
PUTUMAYO,VILLAGARZON,0.911149515,-76.74495447,POINT (-76.74495447 0.911149515),GRAN TIERRA ENERGY COLOMBIA LTD,VONU,PUT 1,0.51707,0.46412,0.46058,0.49447,0.4878,0.13405,0,0,0,0,0,0
SANTANDER,BARRANCABERMEJA,7.054074558,-73.78211646,POINT (-73.78211646 7.054074558),ECOPETROL S.A.,INFANTAS,LA CIRA INFANTAS,1.81455,1.97497,1.92755,1.80639,1.58877,1.42162,1.11761,0.80271,0.7431,0.72935,0.81012,0.83762
SANTANDER,BARRANCABERMEJA,7.054074558,-73.78211646,POINT (-73.78211646 7.054074558),ECOPETROL S.A.,LA CIRA,LA CIRA INFANTAS,5.8121,5.77203,6.02113,5.67261,5.38687,4.88405,4.44235,4.61565,4.83563,5.27616,5.17886,4.87106
SANTANDER,BARRANCABERMEJA,7.054074558,-73.78211646,POINT (-73.78211646 7.054074558),ECOPETROL S.A.,LLANITO UNIFICADO,MAGDALENA MEDIO-YARIGUI-CANTAGALLO,1.61511,1.66543,1.66731,1.59446,1.49085,1.36806,1.58788,1.52051,1.65213,1.94187,1.98578,1.87128
SANTANDER,CIMITARRA,6.40972961,-74.17030427,POINT (-74.17030427 6.40972961),COMPAÑIA OPERADORA PETROCOLOMBIA S.A.S - COPP,OPÓN,OPÓN,0.65434,0.67645,0.65034,0.65058,0.56281,0.5759,0.53972,0.48802,0.48783,0,0,0
SANTANDER,CIMITARRA,6.40972961,-74.17030427,POINT (-74.17030427 6.40972961),HADES E&P COLOMBIA S.A.S,OPÓN,OPÓN,0,0,0,0,0,0,0,0,0,0.46067,0.44866,0.05912
SANTANDER,PUERTO WILCHES,7.398198257,-73.8354696,POINT (-73.8354696 7.398198257),ECOPETROL S.A.,FLAMENCOS,MAGDALENA MEDIO-YARIGUI-CANTAGALLO,0,0,0,0,0,0,0,0,0,0,0,0.00032
SANTANDER,PUERTO WILCHES,7.398198257,-73.8354696,POINT (-73.8354696 7.398198257),ECOPETROL S.A.,GARZAS,MAGDALENA MEDIO-YARIGUI-GARZAS,0.14612,0.08578,0.07706,0.07757,0.17346,0.16846,0.17134,0.08483,0.04,0.06216,0.11903,0.10695
SANTANDER,PUERTO WILCHES,7.398198257,-73.8354696,POINT (-73.8354696 7.398198257),ECOPETROL S.A.,YARIGUÍ-CANTAGALLO,MAGDALENA MEDIO-YARIGUI-CANTAGALLO,0.63905,0.53949,0.68235,0.70004,0.7797,0.7427,0.9747,0.94682,1.22397,1.19568,1.00922,0.91268
SANTANDER,RIONEGRO,7.474226085,-73.37246417,POINT (-73.37246417 7.474226085),ECOPETROL S.A.,BONANZA,PROVINCIA P NORTE,2.91383,2.705,2.68227,2.54405,2.67731,2.61156,2.71481,2.607,2.55167,2.42129,2.51441,2.46413
SANTANDER,RIONEGRO,7.474226085,-73.37246417,POINT (-73.37246417 7.474226085),PAREX RESOURCES COLOMBIA LTD. SUCURSAL,BORANDA,BORANDA,0.06979,0.07355,0.07672,0.07486,0,0,0.00972,0.05843,0.05971,0.05956,0.06008,0.06248
SANTANDER,RIONEGRO,7.474226085,-73.37246417,POINT (-73.37246417 7.474226085),GRAN TIERRA ENERGY COLOMBIA LTD,COLÓN,LA PALOMA,0.00537,0.00555,0.00268,0,0,0,0,0,0,0.00663,0.00544,0.00629
SANTANDER,RIONEGRO,7.474226085,-73.37246417,POINT (-73.37246417 7.474226085),GRAN TIERRA ENERGY COLOMBIA LTD,JUGLAR,LA PALOMA,0.01424,0.01363,0.00676,0,0,0,0,0,0.01962,0.02738,0.03054,0.03127
SANTANDER,SABANA DE TORRES,7.4065422,-73.57131807,POINT (-73.57131807 7.4065422),PETROSANTANDER (COLOMBIA) INC.,AGUAS CLARAS,CARARE LAS MONAS,0,0,0,0,0,0,0,0,0.0009,0,0,0
SANTANDER,SABANA DE TORRES,7.4065422,-73.57131807,POINT (-73.57131807 7.4065422),ECOPETROL S.A.,AULLADOR,PLAYON,0.06486,0.07074,0.06798,0.0678,0.06788,0.0665,0.067,0.06484,0.06423,0.05767,0.06329,0.06401
SANTANDER,SABANA DE TORRES,7.4065422,-73.57131807,POINT (-73.57131807 7.4065422),PETROSANTANDER (COLOMBIA) INC.,CORAZÓN,CARARE LAS MONAS,0.04784,0.04599,0.04561,0.04845,0.04857,0.05168,0.05133,0.05909,0.06593,0.06181,0.06089,0.0596
SANTANDER,SABANA DE TORRES,7.4065422,-73.57131807,POINT (-73.57131807 7.4065422),PETROSANTANDER (COLOMBIA) INC.,CORAZÓN WEST,CARARE LAS MONAS,0.62016,0.6197,0.61866,0.61652,0.61582,0.61275,0.60927,0.78546,1.3148,0.86214,1.21911,1.08798
SANTANDER,SABANA DE TORRES,7.4065422,-73.57131807,POINT (-73.57131807 7.4065422),ECOPETROL S.A.,CRISTALINA,MAGDALENA MEDIO-CRISTALINA,0,0,0,0,0,0,0,0,0,0,0.00927,0.04177
SANTANDER,SABANA DE TORRES,7.4065422,-73.57131807,POINT (-73.57131807 7.4065422),PETROSANTANDER (COLOMBIA) INC.,PAYOA,CARARE LAS MONAS,7.27545,7.37361,6.91543,7.6162,8.08038,7.81407,8.24182,8.07386,7.57682,7.8082,8.1773,8.11617
SANTANDER,SABANA DE TORRES,7.4065422,-73.57131807,POINT (-73.57131807 7.4065422),PETROSANTANDER (COLOMBIA) INC.,PAYOA WEST,CARARE LAS MONAS,0.00175,0.00181,0.00013,0,0,0,0,0,0.0006,0.0007,0,0
SANTANDER,SABANA DE TORRES,7.4065422,-73.57131807,POINT (-73.57131807 7.4065422),ECOPETROL S.A.,PROVINCIA,PROVINCIA P SUR,9.9477,9.46393,11.1683,10.21974,10.99153,9.77804,10.17238,9.40647,9.76058,8.57628,8.89316,7.62261
SANTANDER,SABANA DE TORRES,7.4065422,-73.57131807,POINT (-73.57131807 7.4065422),PETROSANTANDER (COLOMBIA) INC.,SALINA,CARARE LAS MONAS,1.87777,1.93584,1.79314,1.7457,1.7051,1.64277,1.58298,1.54412,1.5039,1.62651,1.42072,1.44336
SANTANDER,SAN VICENTE DE CHUCURI,6.894292346,-73.53900334,POINT (-73.53900334 6.894292346),ECOPETROL S.A.,LISAMA,LISAMA NUTRIA,0,0,0,0,0,0,0,0,0,1.86338,1.97314,1.96838
SANTANDER,SAN VICENTE DE CHUCURI,6.894292346,-73.53900334,POINT (-73.53900334 6.894292346),ECOPETROL S.A.,LISAMA,LISAMA NUTRIA,2.00869,2.06353,1.87692,1.74619,1.80769,1.84659,1.79171,1.76793,1.80423,0,0,0
SANTANDER,SAN VICENTE DE CHUCURI,6.894292346,-73.53900334,POINT (-73.53900334 6.894292346),ECOPETROL S.A.,NUTRIA,LISAMA NUTRIA,0,0,0,0,0,0,0,0,0,2.87415,3.07058,3.06373
SANTANDER,SAN VICENTE DE CHUCURI,6.894292346,-73.53900334,POINT (-73.53900334 6.894292346),ECOPETROL S.A.,NUTRIA,LISAMA NUTRIA,3.0932,3.07435,3.2887,3.12944,3.02623,2.98991,2.86668,2.83556,2.83704,0,0,0
SANTANDER,SAN VICENTE DE CHUCURI,6.894292346,-73.53900334,POINT (-73.53900334 6.894292346),ECOPETROL S.A.,TESORO,LISAMA NUTRIA,0,0,0,0,0,0,0,0,0,0.73619,0.8041,0.78026
SANTANDER,SAN VICENTE DE CHUCURI,6.894292346,-73.53900334,POINT (-73.53900334 6.894292346),ECOPETROL S.A.,TESORO,LISAMA NUTRIA,0.766,0.73267,0.95473,0.94833,0.87971,0.80857,0.75401,0.75015,0.76061,0,0,0
SANTANDER,SIMACOTA,6.494231551,-73.45910992,POINT (-73.45910992 6.494231551),PAREX RESOURCES COLOMBIA LTD. SUCURSAL,AGUAS BLANCAS,AGUAS BLANCAS,0.18883,0.19747,0.24508,1.25566,0,0,0.24801,0.64088,1.02877,1.05889,1.45028,1.80062
SUCRE,CAIMITO,8.792311599,-75.13191063,POINT (-75.13191063 8.792311599),CNE OIL & GAS S A S,Pandereta,VIM 5,41.34697,40.27074,34.45733,17.03038,27.18294,26.74532,21.22703,14.44168,0,0.21151,0,0
SUCRE,LA UNION,8.811997799,-75.28322212,POINT (-75.28322212 8.811997799),CNE OIL & GAS S A S,CLARINETE,VIM 5,58.1188,60.81694,48.53157,24.88879,39.87117,36.50209,34.98419,35.64053,47.81218,49.72333,46.07396,53.51852
SUCRE,LOS PALMITOS,9.422380117,-75.21302191,POINT (-75.21302191 9.422380117),Frontera Energy Colombia Corp Sucursal Colombia,LA CRECIENTE,LA CRECIENTE,0.00555,0.01,0.004,0.0017,0.00668,0.0021,0.00352,0.00077,0.0068,0.00284,0.00363,0.00861
SUCRE,OVEJAS,9.549655271,-75.18855916,POINT (-75.18855916 9.549655271),HOCOL S.A.,BONGA,SAMAN,6.17065,6.13103,6.15452,6.19967,5.87323,5.96467,4.78226,6.01548,6.01,6.03226,5.97967,5.9729
SUCRE,OVEJAS,9.549655271,-75.18855916,POINT (-75.18855916 9.549655271),HOCOL S.A.,MAMEY,SAMAN,27.41484,27.64862,26.57581,23.46533,27.71323,29.25,23.4629,26.78887,29.16957,28.83613,29.52833,29.50032
SUCRE,SAN MARCOS,8.589220102,-75.17249955,POINT (-75.17249955 8.589220102),CNE OIL & GAS S A S,ACORDEON,VIM 5,3.74374,0.12122,0,0,0,0,0,0,0,0,0,0
SUCRE,SAN MARCOS,8.589220102,-75.17249955,POINT (-75.17249955 8.589220102),CNE OIL & GAS S A S,CLARINETE,VIM 5,0,0,0,0,0,0,0,32.79017,0,0,0,0
SUCRE,SAN MARCOS,8.589220102,-75.17249955,POINT (-75.17249955 8.589220102),CANACOL ENERGY COLOMBIA SAS,NISPERO,ESPERANZA,0,0,0,0,0,0,0,0,0,0,6.03633,6.49204
SUCRE,SAN MARCOS,8.589220102,-75.17249955,POINT (-75.17249955 8.589220102),GEOPRODUCTION OIL AND GAS COMPANY OF COLOMBIA,NISPERO,ESPERANZA,0,3.46802,8.40036,8.49392,8.73666,9.40776,8.79341,7.7693,6.45017,4.84451,0,0
SUCRE,SAN PEDRO,9.396835638,-75.03741815,POINT (-75.03741815 9.396835638),Frontera Energy Colombia Corp Sucursal Colombia,APAMATE,LA CRECIENTE,0.00016,0,0,0,0.00023,0,0,0,0,0,0,0
SUCRE,SAN PEDRO,9.396835638,-75.03741815,POINT (-75.03741815 9.396835638),Frontera Energy Colombia Corp Sucursal Colombia,LA CRECIENTE,LA CRECIENTE,10.72203,10.38255,10.08716,8.80707,8.97774,8.4468,7.86023,7.50874,6.91,6.6571,6.1856,5.94061
SUCRE,SAN PEDRO,9.396835638,-75.03741815,POINT (-75.03741815 9.396835638),Frontera Energy Colombia Corp Sucursal Colombia,LA CRECIENTE D,LA CRECIENTE,1.15281,1.21203,1.07919,0.7617,0.73671,0.8136,0.65603,0.59135,0.58187,0.54371,0.16767,0.15016
SUCRE,SAN PEDRO,9.396835638,-75.03741815,POINT (-75.03741815 9.396835638),Frontera Energy Colombia Corp Sucursal Colombia,LA CRECIENTE I,LA CRECIENTE,0.108,0.01431,0.11026,0.0034,0.04613,0.0343,0.007,0.05097,0.0483,0.05626,0.0195,0
TOLIMA,ALVARADO,4.582625784,-74.98630686,POINT (-74.98630686 4.582625784),HOCOL S.A.,TOTARE,ARMERO,0.02655,0.02641,0.02637,0.02507,0.01007,0,0,0,0,0,0,0
TOLIMA,CHAPARRAL,3.743693084,-75.58986634,POINT (-75.58986634 3.743693084),HOCOL S.A.,OLINI,TOLIMA,0.22328,0.08258,0.05373,0.05058,0.04826,0.04424,0.04456,0.03761,0.04417,0.02944,0.03507,0.02124
TOLIMA,CHAPARRAL,3.743693084,-75.58986634,POINT (-75.58986634 3.743693084),HOCOL S.A.,RÍO SALDAÑA,TOLIMA,0.21922,0.2185,0.31041,0.29249,0.31987,0.3266,0.38951,0.39812,0.36639,0.3937,0.38294,0.52468
TOLIMA,ESPINAL,4.166476969,-74.89352941,POINT (-74.89352941 4.166476969),Frontera Energy Colombia Corp Sucursal Colombia,ABANICO,ABANICO,0,0,0,0.06703,0.10975,0.12016,0.12895,0.12296,0.10069,0.0969,0.10269,0.09407
TOLIMA,ESPINAL,4.166476969,-74.89352941,POINT (-74.89352941 4.166476969),Frontera Energy Colombia Corp Sucursal Colombia,ABANICO,ABANICO,0.05977,0.05857,0.05768,0,0,0,0,0,0,0,0,0
TOLIMA,MELGAR,4.193215498,-74.60517497,POINT (-74.60517497 4.193215498),PERENCO OIL AND GAS COLOMBIA LIMITED.,EL NIÑO,BOQUERÓN,0,0,0,0,0,0,0,0,0,0,0,0.13406
TOLIMA,MELGAR,4.193215498,-74.60517497,POINT (-74.60517497 4.193215498),PERENCO OIL AND GAS COLOMBIA LIMITED.,GUANDO,BOQUERÓN,1.07564,1.05277,0.99578,1.0226,0.92155,0.85547,0.99005,1.0032,1.00767,0.93644,0.91923,0.90675
TOLIMA,MELGAR,4.193215498,-74.60517497,POINT (-74.60517497 4.193215498),PERENCO OIL AND GAS COLOMBIA LIMITED.,GUANDO SW,BOQUERÓN,0.64719,0.92869,1.15981,1.10637,1.10271,1.0335,0.95439,0.96038,0.95239,0.93752,0.96523,0.97413
TOLIMA,ORTEGA,3.937793962,-75.27824314,POINT (-75.27824314 3.937793962),HOCOL S.A.,ORTEGA,ORTEGA,0.03625,0.03657,0.03472,0.03472,0.03637,0.03744,0.03764,0.03694,0.0341,0.03422,0.03293,0.03307
TOLIMA,ORTEGA,3.937793962,-75.27824314,POINT (-75.27824314 3.937793962),HOCOL S.A.,PACANDE,ORTEGA,0.09288,0.09584,0.10065,0.09641,0.08542,0.03593,0.03274,0.03355,0.03387,0.0147,0.03607,0.14147
TOLIMA,ORTEGA,3.937793962,-75.27824314,POINT (-75.27824314 3.937793962),HOCOL S.A.,TOLDADO,ORTEGA,0.11598,0.11815,0.129,0.13681,0.13891,0.14786,0.14365,0.14026,0.14624,0,0,0
TOLIMA,ORTEGA,3.937793962,-75.27824314,POINT (-75.27824314 3.937793962),HOCOL S.A.,TOLDADO,TOLDADO,0,0,0,0,0,0,0,0,0,0.15092,0.14517,0.13363
TOLIMA,ORTEGA,3.937793962,-75.27824314,POINT (-75.27824314 3.937793962),HOCOL S.A.,TOY,TOY,0.06432,0.00762,0.00578,0.00396,0.00168,0,0,0,0,0,0,0
TOLIMA,PIEDRAS,4.433764446,-74.99879938,POINT (-74.99879938 4.433764446),INTEROIL COLOMBIA EXPLORATION AND PRODUCTION,AMBROSÍA,AMBROSÍA,0.0143,0.01498,0.01483,0.01511,0.0144,0.01484,0.01477,0.01483,0.01479,0.01472,0.01487,0.01473
TOLIMA,PIEDRAS,4.433764446,-74.99879938,POINT (-74.99879938 4.433764446),INTEROIL COLOMBIA EXPLORATION AND PRODUCTION,MANÁ,MANÁ,3.56549,3.44651,3.44202,0.33432,0.96859,2.1379,2.33315,2.95846,2.89371,2.71235,2.46104,2.36232
TOLIMA,PIEDRAS,4.433764446,-74.99879938,POINT (-74.99879938 4.433764446),INTEROIL COLOMBIA EXPLORATION AND PRODUCTION,RÍO OPIA,RÍO OPIA,0.04695,0.06419,0.06864,0.00808,0,0.13452,0.14769,0.08869,0.07681,0.06028,0.05025,0.04967
TOLIMA,PIEDRAS,4.433764446,-74.99879938,POINT (-74.99879938 4.433764446),HOCOL S.A.,TOQUI TOQUI,PULI,1.1345,1.13206,1.07359,1.26421,1.11729,1.06928,1.02265,1.00415,1.04859,1.08613,1.04988,1.00177
TOLIMA,PRADO,3.729166649,-74.87247706,POINT (-74.87247706 3.729166649),HOCOL S.A.,MATACHÍN SUR,ESPINAL,0.17538,0.28278,0.34648,0.35038,0.35076,0.33968,0.33151,0.31637,0.31977,0.28627,0.26679,0.25952
TOLIMA,PURIFICACIÓN,3.854281614,-74.87451155,POINT (-74.87451155 3.854281614),HOCOL S.A.,CHENCHE,CHENCHE,0.01178,0.01272,0.0127,0.01139,0.01107,0.00973,0.00983,0.01051,0.01063,0.01069,0.0107,0.01061
TOLIMA,PURIFICACIÓN,3.854281614,-74.87451155,POINT (-74.87451155 3.854281614),HOCOL S.A.,MATACHÍN NORTE,ESPINAL,2.04081,1.99252,1.88061,1.90867,1.85203,1.5998,1.53184,1.714,1.64617,1.48187,1.58393,1.59665
TOLIMA,PURIFICACIÓN,3.854281614,-74.87451155,POINT (-74.87451155 3.854281614),HOCOL S.A.,MATACHÍN SUR,ESPINAL,0.12274,0.32891,0.33787,0.33989,0.35076,0.35065,0.345,0.33327,0.33673,0.33063,0.31895,0.31667
TOLIMA,PURIFICACIÓN,3.854281614,-74.87451155,POINT (-74.87451155 3.854281614),HOCOL S.A.,PURIFICACIÓN,ESPINAL,0.01794,0.0189,0.02065,0.01953,0.00848,0,0,0,0,0,0,0
TOLIMA,SAN LUIS,4.057271684,-75.16320806,POINT (-75.16320806 4.057271684),HOCOL S.A.,PACANDE,ORTEGA,0.01302,0.01451,0.0098,0.01707,0.0139,0.0044,0,0,0,0.03636,0.01888,0.04393
